set#,sigma,alpha,kh,lambdaA,lambdaT,kt,n
1,0.825,1.0,0.25,0.01,0.01,0.1,1.15
2,0.825,2.0,0.25,0.01,0.01,0.1,1.15
3,0.825,3.0,0.25,0.01,0.01,0.1,1.15
4,0.825,4.0,0.25,0.01,0.01,0.1,1.15
5,0.825,5.0,0.25,0.01,0.01,0.1,1.15
6,1.55,1.0,0.25,0.01,0.01,0.1,1.5
7,1.55,1.0,0.25,1.0075,0.01,0.1,0.7999999999999999
8,1.55,1.0,0.25,1.0075,0.01,1.3250000000000002,1.5
9,1.55,1.0,0.25,2.005,0.01,0.1,0.7999999999999999
10,1.55,1.0,0.25,2.005,0.01,1.3250000000000002,1.5
11,1.55,1.0,0.25,3.0025,0.01,0.1,0.7999999999999999
12,1.55,1.0,0.25,3.0025,0.01,1.3250000000000002,1.5
13,1.55,1.0,0.25,4.0,0.01,0.1,0.7999999999999999
14,1.55,1.0,0.25,4.0,0.01,1.3250000000000002,1.15
15,1.55,1.0,0.25,4.0,0.01,1.3250000000000002,1.5
16,1.55,1.0,1.1875,0.01,0.01,0.1,1.15
17,1.55,1.0,1.1875,1.0075,0.01,0.1,0.7999999999999999
18,1.55,1.0,1.1875,1.0075,0.01,1.3250000000000002,1.5
19,1.55,1.0,1.1875,2.005,0.01,0.1,0.7999999999999999
20,1.55,1.0,1.1875,2.005,0.01,1.3250000000000002,1.15
21,1.55,1.0,1.1875,3.0025,0.01,0.1,0.7999999999999999
22,1.55,1.0,1.1875,3.0025,0.01,1.3250000000000002,1.15
23,1.55,1.0,1.1875,3.0025,0.01,1.3250000000000002,1.5
24,1.55,1.0,1.1875,4.0,0.01,0.1,0.7999999999999999
25,1.55,1.0,1.1875,4.0,0.01,1.3250000000000002,1.15
26,1.55,1.0,1.1875,4.0,0.01,1.3250000000000002,1.5
27,1.55,1.0,2.125,0.01,0.01,0.1,1.15
28,1.55,1.0,2.125,1.0075,0.01,0.1,0.7999999999999999
29,1.55,1.0,2.125,1.0075,0.01,1.3250000000000002,1.5
30,1.55,1.0,2.125,2.005,0.01,0.1,0.7999999999999999
31,1.55,1.0,2.125,2.005,0.01,1.3250000000000002,1.15
32,1.55,1.0,2.125,2.005,0.01,1.3250000000000002,1.5
33,1.55,1.0,2.125,3.0025,0.01,0.1,0.7999999999999999
34,1.55,1.0,2.125,3.0025,0.01,1.3250000000000002,1.15
35,1.55,1.0,2.125,3.0025,0.01,1.3250000000000002,1.5
36,1.55,1.0,2.125,4.0,0.01,0.1,0.7999999999999999
37,1.55,1.0,2.125,4.0,0.01,1.3250000000000002,1.5
38,1.55,1.0,3.0625,0.01,0.01,0.1,1.15
39,1.55,1.0,3.0625,1.0075,0.01,0.1,0.7999999999999999
40,1.55,1.0,3.0625,1.0075,0.01,1.3250000000000002,1.15
41,1.55,1.0,3.0625,1.0075,0.01,1.3250000000000002,1.5
42,1.55,1.0,3.0625,2.005,0.01,0.1,0.7999999999999999
43,1.55,1.0,3.0625,2.005,0.01,1.3250000000000002,1.15
44,1.55,1.0,3.0625,2.005,0.01,1.3250000000000002,1.5
45,1.55,1.0,3.0625,3.0025,0.01,0.1,0.7999999999999999
46,1.55,1.0,3.0625,3.0025,0.01,1.3250000000000002,1.15
47,1.55,1.0,3.0625,3.0025,0.01,1.3250000000000002,1.5
48,1.55,1.0,3.0625,4.0,0.01,0.1,0.7999999999999999
49,1.55,1.0,3.0625,4.0,0.01,1.3250000000000002,1.5
50,1.55,1.0,4.0,0.01,0.01,0.1,1.15
51,1.55,1.0,4.0,1.0075,0.01,0.1,0.7999999999999999
52,1.55,1.0,4.0,1.0075,0.01,1.3250000000000002,1.15
53,1.55,1.0,4.0,2.005,0.01,0.1,0.7999999999999999
54,1.55,1.0,4.0,2.005,0.01,1.3250000000000002,1.15
55,1.55,1.0,4.0,2.005,0.01,1.3250000000000002,1.5
56,1.55,1.0,4.0,3.0025,0.01,0.1,0.7999999999999999
57,1.55,1.0,4.0,3.0025,0.01,1.3250000000000002,1.5
58,1.55,1.0,4.0,4.0,0.01,0.1,0.7999999999999999
59,1.55,1.0,4.0,4.0,0.01,1.3250000000000002,1.5
60,1.55,2.0,0.25,0.01,0.01,0.1,1.5
61,1.55,2.0,0.25,1.0075,0.01,0.1,0.7999999999999999
62,1.55,2.0,0.25,1.0075,0.01,1.3250000000000002,1.5
63,1.55,2.0,0.25,2.005,0.01,0.1,0.7999999999999999
64,1.55,2.0,0.25,2.005,0.01,1.3250000000000002,1.5
65,1.55,2.0,0.25,3.0025,0.01,0.1,0.7999999999999999
66,1.55,2.0,0.25,3.0025,0.01,1.3250000000000002,1.5
67,1.55,2.0,0.25,4.0,0.01,0.1,0.7999999999999999
68,1.55,2.0,0.25,4.0,0.01,1.3250000000000002,1.15
69,1.55,2.0,0.25,4.0,0.01,1.3250000000000002,1.5
70,1.55,2.0,1.1875,0.01,0.01,0.1,1.15
71,1.55,2.0,1.1875,1.0075,0.01,0.1,0.7999999999999999
72,1.55,2.0,1.1875,1.0075,0.01,1.3250000000000002,1.5
73,1.55,2.0,1.1875,2.005,0.01,0.1,0.7999999999999999
74,1.55,2.0,1.1875,2.005,0.01,1.3250000000000002,1.15
75,1.55,2.0,1.1875,3.0025,0.01,0.1,0.7999999999999999
76,1.55,2.0,1.1875,3.0025,0.01,1.3250000000000002,1.15
77,1.55,2.0,1.1875,3.0025,0.01,1.3250000000000002,1.5
78,1.55,2.0,1.1875,4.0,0.01,0.1,0.7999999999999999
79,1.55,2.0,1.1875,4.0,0.01,1.3250000000000002,1.15
80,1.55,2.0,1.1875,4.0,0.01,1.3250000000000002,1.5
81,1.55,2.0,2.125,0.01,0.01,0.1,1.15
82,1.55,2.0,2.125,1.0075,0.01,0.1,0.7999999999999999
83,1.55,2.0,2.125,1.0075,0.01,1.3250000000000002,1.5
84,1.55,2.0,2.125,2.005,0.01,0.1,0.7999999999999999
85,1.55,2.0,2.125,2.005,0.01,1.3250000000000002,1.15
86,1.55,2.0,2.125,2.005,0.01,1.3250000000000002,1.5
87,1.55,2.0,2.125,3.0025,0.01,0.1,0.7999999999999999
88,1.55,2.0,2.125,3.0025,0.01,1.3250000000000002,1.15
89,1.55,2.0,2.125,3.0025,0.01,1.3250000000000002,1.5
90,1.55,2.0,2.125,4.0,0.01,0.1,0.7999999999999999
91,1.55,2.0,2.125,4.0,0.01,1.3250000000000002,1.5
92,1.55,2.0,3.0625,0.01,0.01,0.1,1.15
93,1.55,2.0,3.0625,1.0075,0.01,0.1,0.7999999999999999
94,1.55,2.0,3.0625,1.0075,0.01,1.3250000000000002,1.15
95,1.55,2.0,3.0625,1.0075,0.01,1.3250000000000002,1.5
96,1.55,2.0,3.0625,2.005,0.01,0.1,0.7999999999999999
97,1.55,2.0,3.0625,2.005,0.01,1.3250000000000002,1.15
98,1.55,2.0,3.0625,2.005,0.01,1.3250000000000002,1.5
99,1.55,2.0,3.0625,3.0025,0.01,0.1,0.7999999999999999
100,1.55,2.0,3.0625,3.0025,0.01,1.3250000000000002,1.15
101,1.55,2.0,3.0625,3.0025,0.01,1.3250000000000002,1.5
102,1.55,2.0,3.0625,4.0,0.01,0.1,0.7999999999999999
103,1.55,2.0,3.0625,4.0,0.01,1.3250000000000002,1.5
104,1.55,2.0,4.0,0.01,0.01,0.1,1.15
105,1.55,2.0,4.0,1.0075,0.01,0.1,0.7999999999999999
106,1.55,2.0,4.0,1.0075,0.01,1.3250000000000002,1.15
107,1.55,2.0,4.0,2.005,0.01,0.1,0.7999999999999999
108,1.55,2.0,4.0,2.005,0.01,1.3250000000000002,1.15
109,1.55,2.0,4.0,2.005,0.01,1.3250000000000002,1.5
110,1.55,2.0,4.0,3.0025,0.01,0.1,0.7999999999999999
111,1.55,2.0,4.0,3.0025,0.01,1.3250000000000002,1.5
112,1.55,2.0,4.0,4.0,0.01,0.1,0.7999999999999999
113,1.55,2.0,4.0,4.0,0.01,1.3250000000000002,1.5
114,1.55,3.0,0.25,0.01,0.01,0.1,1.5
115,1.55,3.0,0.25,1.0075,0.01,0.1,0.7999999999999999
116,1.55,3.0,0.25,1.0075,0.01,1.3250000000000002,1.5
117,1.55,3.0,0.25,2.005,0.01,0.1,0.7999999999999999
118,1.55,3.0,0.25,2.005,0.01,1.3250000000000002,1.5
119,1.55,3.0,0.25,3.0025,0.01,0.1,0.7999999999999999
120,1.55,3.0,0.25,3.0025,0.01,1.3250000000000002,1.5
121,1.55,3.0,0.25,4.0,0.01,0.1,0.7999999999999999
122,1.55,3.0,0.25,4.0,0.01,1.3250000000000002,1.15
123,1.55,3.0,0.25,4.0,0.01,1.3250000000000002,1.5
124,1.55,3.0,1.1875,0.01,0.01,0.1,1.15
125,1.55,3.0,1.1875,1.0075,0.01,0.1,0.7999999999999999
126,1.55,3.0,1.1875,1.0075,0.01,1.3250000000000002,1.5
127,1.55,3.0,1.1875,2.005,0.01,0.1,0.7999999999999999
128,1.55,3.0,1.1875,2.005,0.01,1.3250000000000002,1.15
129,1.55,3.0,1.1875,3.0025,0.01,0.1,0.7999999999999999
130,1.55,3.0,1.1875,3.0025,0.01,1.3250000000000002,1.15
131,1.55,3.0,1.1875,3.0025,0.01,1.3250000000000002,1.5
132,1.55,3.0,1.1875,4.0,0.01,0.1,0.7999999999999999
133,1.55,3.0,1.1875,4.0,0.01,1.3250000000000002,1.15
134,1.55,3.0,1.1875,4.0,0.01,1.3250000000000002,1.5
135,1.55,3.0,2.125,0.01,0.01,0.1,1.15
136,1.55,3.0,2.125,1.0075,0.01,0.1,0.7999999999999999
137,1.55,3.0,2.125,1.0075,0.01,1.3250000000000002,1.5
138,1.55,3.0,2.125,2.005,0.01,0.1,0.7999999999999999
139,1.55,3.0,2.125,2.005,0.01,1.3250000000000002,1.15
140,1.55,3.0,2.125,2.005,0.01,1.3250000000000002,1.5
141,1.55,3.0,2.125,3.0025,0.01,0.1,0.7999999999999999
142,1.55,3.0,2.125,3.0025,0.01,1.3250000000000002,1.15
143,1.55,3.0,2.125,3.0025,0.01,1.3250000000000002,1.5
144,1.55,3.0,2.125,4.0,0.01,0.1,0.7999999999999999
145,1.55,3.0,2.125,4.0,0.01,1.3250000000000002,1.5
146,1.55,3.0,3.0625,0.01,0.01,0.1,1.15
147,1.55,3.0,3.0625,1.0075,0.01,0.1,0.7999999999999999
148,1.55,3.0,3.0625,1.0075,0.01,1.3250000000000002,1.15
149,1.55,3.0,3.0625,1.0075,0.01,1.3250000000000002,1.5
150,1.55,3.0,3.0625,2.005,0.01,0.1,0.7999999999999999
151,1.55,3.0,3.0625,2.005,0.01,1.3250000000000002,1.15
152,1.55,3.0,3.0625,2.005,0.01,1.3250000000000002,1.5
153,1.55,3.0,3.0625,3.0025,0.01,0.1,0.7999999999999999
154,1.55,3.0,3.0625,3.0025,0.01,1.3250000000000002,1.15
155,1.55,3.0,3.0625,3.0025,0.01,1.3250000000000002,1.5
156,1.55,3.0,3.0625,4.0,0.01,0.1,0.7999999999999999
157,1.55,3.0,3.0625,4.0,0.01,1.3250000000000002,1.5
158,1.55,3.0,4.0,0.01,0.01,0.1,1.15
159,1.55,3.0,4.0,1.0075,0.01,0.1,0.7999999999999999
160,1.55,3.0,4.0,1.0075,0.01,1.3250000000000002,1.15
161,1.55,3.0,4.0,2.005,0.01,0.1,0.7999999999999999
162,1.55,3.0,4.0,2.005,0.01,1.3250000000000002,1.15
163,1.55,3.0,4.0,2.005,0.01,1.3250000000000002,1.5
164,1.55,3.0,4.0,3.0025,0.01,0.1,0.7999999999999999
165,1.55,3.0,4.0,3.0025,0.01,1.3250000000000002,1.5
166,1.55,3.0,4.0,4.0,0.01,0.1,0.7999999999999999
167,1.55,3.0,4.0,4.0,0.01,1.3250000000000002,1.5
168,1.55,4.0,0.25,0.01,0.01,0.1,1.5
169,1.55,4.0,0.25,1.0075,0.01,0.1,0.7999999999999999
170,1.55,4.0,0.25,1.0075,0.01,1.3250000000000002,1.5
171,1.55,4.0,0.25,2.005,0.01,0.1,0.7999999999999999
172,1.55,4.0,0.25,2.005,0.01,1.3250000000000002,1.5
173,1.55,4.0,0.25,3.0025,0.01,0.1,0.7999999999999999
174,1.55,4.0,0.25,3.0025,0.01,1.3250000000000002,1.5
175,1.55,4.0,0.25,4.0,0.01,0.1,0.7999999999999999
176,1.55,4.0,0.25,4.0,0.01,1.3250000000000002,1.15
177,1.55,4.0,0.25,4.0,0.01,1.3250000000000002,1.5
178,1.55,4.0,1.1875,0.01,0.01,0.1,1.15
179,1.55,4.0,1.1875,1.0075,0.01,0.1,0.7999999999999999
180,1.55,4.0,1.1875,1.0075,0.01,1.3250000000000002,1.5
181,1.55,4.0,1.1875,2.005,0.01,0.1,0.7999999999999999
182,1.55,4.0,1.1875,2.005,0.01,1.3250000000000002,1.15
183,1.55,4.0,1.1875,3.0025,0.01,0.1,0.7999999999999999
184,1.55,4.0,1.1875,3.0025,0.01,1.3250000000000002,1.15
185,1.55,4.0,1.1875,3.0025,0.01,1.3250000000000002,1.5
186,1.55,4.0,1.1875,4.0,0.01,0.1,0.7999999999999999
187,1.55,4.0,1.1875,4.0,0.01,1.3250000000000002,1.15
188,1.55,4.0,1.1875,4.0,0.01,1.3250000000000002,1.5
189,1.55,4.0,2.125,0.01,0.01,0.1,1.15
190,1.55,4.0,2.125,1.0075,0.01,0.1,0.7999999999999999
191,1.55,4.0,2.125,1.0075,0.01,1.3250000000000002,1.5
192,1.55,4.0,2.125,2.005,0.01,0.1,0.7999999999999999
193,1.55,4.0,2.125,2.005,0.01,1.3250000000000002,1.15
194,1.55,4.0,2.125,2.005,0.01,1.3250000000000002,1.5
195,1.55,4.0,2.125,3.0025,0.01,0.1,0.7999999999999999
196,1.55,4.0,2.125,3.0025,0.01,1.3250000000000002,1.15
197,1.55,4.0,2.125,3.0025,0.01,1.3250000000000002,1.5
198,1.55,4.0,2.125,4.0,0.01,0.1,0.7999999999999999
199,1.55,4.0,2.125,4.0,0.01,1.3250000000000002,1.5
200,1.55,4.0,3.0625,0.01,0.01,0.1,1.15
201,1.55,4.0,3.0625,1.0075,0.01,0.1,0.7999999999999999
202,1.55,4.0,3.0625,1.0075,0.01,1.3250000000000002,1.15
203,1.55,4.0,3.0625,1.0075,0.01,1.3250000000000002,1.5
204,1.55,4.0,3.0625,2.005,0.01,0.1,0.7999999999999999
205,1.55,4.0,3.0625,2.005,0.01,1.3250000000000002,1.15
206,1.55,4.0,3.0625,2.005,0.01,1.3250000000000002,1.5
207,1.55,4.0,3.0625,3.0025,0.01,0.1,0.7999999999999999
208,1.55,4.0,3.0625,3.0025,0.01,1.3250000000000002,1.15
209,1.55,4.0,3.0625,3.0025,0.01,1.3250000000000002,1.5
210,1.55,4.0,3.0625,4.0,0.01,0.1,0.7999999999999999
211,1.55,4.0,3.0625,4.0,0.01,1.3250000000000002,1.5
212,1.55,4.0,4.0,0.01,0.01,0.1,1.15
213,1.55,4.0,4.0,1.0075,0.01,0.1,0.7999999999999999
214,1.55,4.0,4.0,1.0075,0.01,1.3250000000000002,1.15
215,1.55,4.0,4.0,2.005,0.01,0.1,0.7999999999999999
216,1.55,4.0,4.0,2.005,0.01,1.3250000000000002,1.15
217,1.55,4.0,4.0,2.005,0.01,1.3250000000000002,1.5
218,1.55,4.0,4.0,3.0025,0.01,0.1,0.7999999999999999
219,1.55,4.0,4.0,3.0025,0.01,1.3250000000000002,1.5
220,1.55,4.0,4.0,4.0,0.01,0.1,0.7999999999999999
221,1.55,4.0,4.0,4.0,0.01,1.3250000000000002,1.5
222,1.55,5.0,0.25,0.01,0.01,0.1,1.5
223,1.55,5.0,0.25,1.0075,0.01,0.1,0.7999999999999999
224,1.55,5.0,0.25,1.0075,0.01,1.3250000000000002,1.5
225,1.55,5.0,0.25,2.005,0.01,0.1,0.7999999999999999
226,1.55,5.0,0.25,2.005,0.01,1.3250000000000002,1.5
227,1.55,5.0,0.25,3.0025,0.01,0.1,0.7999999999999999
228,1.55,5.0,0.25,3.0025,0.01,1.3250000000000002,1.5
229,1.55,5.0,0.25,4.0,0.01,0.1,0.7999999999999999
230,1.55,5.0,0.25,4.0,0.01,1.3250000000000002,1.15
231,1.55,5.0,0.25,4.0,0.01,1.3250000000000002,1.5
232,1.55,5.0,1.1875,0.01,0.01,0.1,1.15
233,1.55,5.0,1.1875,1.0075,0.01,0.1,0.7999999999999999
234,1.55,5.0,1.1875,1.0075,0.01,1.3250000000000002,1.5
235,1.55,5.0,1.1875,2.005,0.01,0.1,0.7999999999999999
236,1.55,5.0,1.1875,2.005,0.01,1.3250000000000002,1.15
237,1.55,5.0,1.1875,3.0025,0.01,0.1,0.7999999999999999
238,1.55,5.0,1.1875,3.0025,0.01,1.3250000000000002,1.15
239,1.55,5.0,1.1875,3.0025,0.01,1.3250000000000002,1.5
240,1.55,5.0,1.1875,4.0,0.01,0.1,0.7999999999999999
241,1.55,5.0,1.1875,4.0,0.01,1.3250000000000002,1.15
242,1.55,5.0,1.1875,4.0,0.01,1.3250000000000002,1.5
243,1.55,5.0,2.125,0.01,0.01,0.1,1.15
244,1.55,5.0,2.125,1.0075,0.01,0.1,0.7999999999999999
245,1.55,5.0,2.125,1.0075,0.01,1.3250000000000002,1.5
246,1.55,5.0,2.125,2.005,0.01,0.1,0.7999999999999999
247,1.55,5.0,2.125,2.005,0.01,1.3250000000000002,1.15
248,1.55,5.0,2.125,2.005,0.01,1.3250000000000002,1.5
249,1.55,5.0,2.125,3.0025,0.01,0.1,0.7999999999999999
250,1.55,5.0,2.125,3.0025,0.01,1.3250000000000002,1.15
251,1.55,5.0,2.125,3.0025,0.01,1.3250000000000002,1.5
252,1.55,5.0,2.125,4.0,0.01,0.1,0.7999999999999999
253,1.55,5.0,2.125,4.0,0.01,1.3250000000000002,1.5
254,1.55,5.0,3.0625,0.01,0.01,0.1,1.15
255,1.55,5.0,3.0625,1.0075,0.01,0.1,0.7999999999999999
256,1.55,5.0,3.0625,1.0075,0.01,1.3250000000000002,1.15
257,1.55,5.0,3.0625,1.0075,0.01,1.3250000000000002,1.5
258,1.55,5.0,3.0625,2.005,0.01,0.1,0.7999999999999999
259,1.55,5.0,3.0625,2.005,0.01,1.3250000000000002,1.15
260,1.55,5.0,3.0625,2.005,0.01,1.3250000000000002,1.5
261,1.55,5.0,3.0625,3.0025,0.01,0.1,0.7999999999999999
262,1.55,5.0,3.0625,3.0025,0.01,1.3250000000000002,1.15
263,1.55,5.0,3.0625,3.0025,0.01,1.3250000000000002,1.5
264,1.55,5.0,3.0625,4.0,0.01,0.1,0.7999999999999999
265,1.55,5.0,3.0625,4.0,0.01,1.3250000000000002,1.5
266,1.55,5.0,4.0,0.01,0.01,0.1,1.15
267,1.55,5.0,4.0,1.0075,0.01,0.1,0.7999999999999999
268,1.55,5.0,4.0,1.0075,0.01,1.3250000000000002,1.15
269,1.55,5.0,4.0,2.005,0.01,0.1,0.7999999999999999
270,1.55,5.0,4.0,2.005,0.01,1.3250000000000002,1.15
271,1.55,5.0,4.0,2.005,0.01,1.3250000000000002,1.5
272,1.55,5.0,4.0,3.0025,0.01,0.1,0.7999999999999999
273,1.55,5.0,4.0,3.0025,0.01,1.3250000000000002,1.5
274,1.55,5.0,4.0,4.0,0.01,0.1,0.7999999999999999
275,1.55,5.0,4.0,4.0,0.01,1.3250000000000002,1.5
276,2.275,1.0,0.25,0.01,0.01,0.1,1.5
277,2.275,1.0,0.25,1.0075,0.01,0.1,0.7999999999999999
278,2.275,1.0,0.25,1.0075,0.01,1.3250000000000002,1.5
279,2.275,1.0,0.25,2.005,0.01,0.1,0.7999999999999999
280,2.275,1.0,0.25,2.005,0.01,1.3250000000000002,1.15
281,2.275,1.0,0.25,2.005,0.01,1.3250000000000002,1.5
282,2.275,1.0,0.25,3.0025,0.01,0.1,0.7999999999999999
283,2.275,1.0,0.25,3.0025,0.01,1.3250000000000002,1.15
284,2.275,1.0,0.25,3.0025,0.01,1.3250000000000002,1.5
285,2.275,1.0,0.25,4.0,0.01,0.1,0.7999999999999999
286,2.275,1.0,0.25,4.0,0.01,1.3250000000000002,1.15
287,2.275,1.0,0.25,4.0,0.01,1.3250000000000002,1.5
288,2.275,1.0,0.25,4.0,0.01,2.5500000000000003,1.5
289,2.275,1.0,1.1875,0.01,0.01,0.1,1.15
290,2.275,1.0,1.1875,0.01,0.01,0.1,1.5
291,2.275,1.0,1.1875,1.0075,0.01,0.1,0.7999999999999999
292,2.275,1.0,1.1875,1.0075,0.01,1.3250000000000002,1.15
293,2.275,1.0,1.1875,1.0075,0.01,1.3250000000000002,1.5
294,2.275,1.0,1.1875,2.005,0.01,0.1,0.7999999999999999
295,2.275,1.0,1.1875,2.005,0.01,1.3250000000000002,1.15
296,2.275,1.0,1.1875,2.005,0.01,1.3250000000000002,1.5
297,2.275,1.0,1.1875,2.005,0.01,2.5500000000000003,1.5
298,2.275,1.0,1.1875,3.0025,0.01,0.1,0.7999999999999999
299,2.275,1.0,1.1875,3.0025,0.01,1.3250000000000002,1.15
300,2.275,1.0,1.1875,3.0025,0.01,1.3250000000000002,1.5
301,2.275,1.0,1.1875,3.0025,0.01,2.5500000000000003,1.5
302,2.275,1.0,1.1875,4.0,0.01,0.1,0.7999999999999999
303,2.275,1.0,1.1875,4.0,0.01,1.3250000000000002,1.15
304,2.275,1.0,1.1875,4.0,0.01,1.3250000000000002,1.5
305,2.275,1.0,1.1875,4.0,0.01,2.5500000000000003,1.5
306,2.275,1.0,2.125,0.01,0.01,0.1,1.15
307,2.275,1.0,2.125,0.01,0.01,0.1,1.5
308,2.275,1.0,2.125,1.0075,0.01,0.1,0.7999999999999999
309,2.275,1.0,2.125,1.0075,0.01,1.3250000000000002,1.15
310,2.275,1.0,2.125,1.0075,0.01,1.3250000000000002,1.5
311,2.275,1.0,2.125,2.005,0.01,0.1,0.7999999999999999
312,2.275,1.0,2.125,2.005,0.01,1.3250000000000002,1.15
313,2.275,1.0,2.125,2.005,0.01,1.3250000000000002,1.5
314,2.275,1.0,2.125,2.005,0.01,2.5500000000000003,1.5
315,2.275,1.0,2.125,3.0025,0.01,0.1,0.7999999999999999
316,2.275,1.0,2.125,3.0025,0.01,1.3250000000000002,1.15
317,2.275,1.0,2.125,3.0025,0.01,1.3250000000000002,1.5
318,2.275,1.0,2.125,3.0025,0.01,2.5500000000000003,1.5
319,2.275,1.0,2.125,4.0,0.01,0.1,0.7999999999999999
320,2.275,1.0,2.125,4.0,0.01,1.3250000000000002,1.15
321,2.275,1.0,2.125,4.0,0.01,1.3250000000000002,1.5
322,2.275,1.0,2.125,4.0,0.01,2.5500000000000003,1.5
323,2.275,1.0,3.0625,0.01,0.01,0.1,1.15
324,2.275,1.0,3.0625,1.0075,0.01,0.1,0.7999999999999999
325,2.275,1.0,3.0625,1.0075,0.01,1.3250000000000002,1.15
326,2.275,1.0,3.0625,1.0075,0.01,1.3250000000000002,1.5
327,2.275,1.0,3.0625,1.0075,0.01,2.5500000000000003,1.5
328,2.275,1.0,3.0625,2.005,0.01,0.1,0.7999999999999999
329,2.275,1.0,3.0625,2.005,0.01,1.3250000000000002,1.15
330,2.275,1.0,3.0625,2.005,0.01,1.3250000000000002,1.5
331,2.275,1.0,3.0625,2.005,0.01,2.5500000000000003,1.5
332,2.275,1.0,3.0625,3.0025,0.01,0.1,0.7999999999999999
333,2.275,1.0,3.0625,3.0025,0.01,1.3250000000000002,1.15
334,2.275,1.0,3.0625,3.0025,0.01,1.3250000000000002,1.5
335,2.275,1.0,3.0625,3.0025,0.01,2.5500000000000003,1.5
336,2.275,1.0,3.0625,4.0,0.01,0.1,0.7999999999999999
337,2.275,1.0,3.0625,4.0,0.01,1.3250000000000002,1.15
338,2.275,1.0,3.0625,4.0,0.01,1.3250000000000002,1.5
339,2.275,1.0,3.0625,4.0,0.01,2.5500000000000003,1.5
340,2.275,1.0,4.0,0.01,0.01,0.1,1.15
341,2.275,1.0,4.0,1.0075,0.01,0.1,0.7999999999999999
342,2.275,1.0,4.0,1.0075,0.01,1.3250000000000002,1.15
343,2.275,1.0,4.0,1.0075,0.01,1.3250000000000002,1.5
344,2.275,1.0,4.0,1.0075,0.01,2.5500000000000003,1.5
345,2.275,1.0,4.0,2.005,0.01,0.1,0.7999999999999999
346,2.275,1.0,4.0,2.005,0.01,1.3250000000000002,1.15
347,2.275,1.0,4.0,2.005,0.01,1.3250000000000002,1.5
348,2.275,1.0,4.0,2.005,0.01,2.5500000000000003,1.5
349,2.275,1.0,4.0,3.0025,0.01,0.1,0.7999999999999999
350,2.275,1.0,4.0,3.0025,0.01,1.3250000000000002,1.15
351,2.275,1.0,4.0,3.0025,0.01,1.3250000000000002,1.5
352,2.275,1.0,4.0,3.0025,0.01,2.5500000000000003,1.5
353,2.275,1.0,4.0,4.0,0.01,0.1,0.7999999999999999
354,2.275,1.0,4.0,4.0,0.01,1.3250000000000002,1.15
355,2.275,1.0,4.0,4.0,0.01,1.3250000000000002,1.5
356,2.275,1.0,4.0,4.0,0.01,2.5500000000000003,1.5
357,2.275,2.0,0.25,0.01,0.01,0.1,1.5
358,2.275,2.0,0.25,1.0075,0.01,0.1,0.7999999999999999
359,2.275,2.0,0.25,1.0075,0.01,1.3250000000000002,1.5
360,2.275,2.0,0.25,2.005,0.01,0.1,0.7999999999999999
361,2.275,2.0,0.25,2.005,0.01,1.3250000000000002,1.15
362,2.275,2.0,0.25,2.005,0.01,1.3250000000000002,1.5
363,2.275,2.0,0.25,3.0025,0.01,0.1,0.7999999999999999
364,2.275,2.0,0.25,3.0025,0.01,1.3250000000000002,1.15
365,2.275,2.0,0.25,3.0025,0.01,1.3250000000000002,1.5
366,2.275,2.0,0.25,4.0,0.01,0.1,0.7999999999999999
367,2.275,2.0,0.25,4.0,0.01,1.3250000000000002,1.15
368,2.275,2.0,0.25,4.0,0.01,1.3250000000000002,1.5
369,2.275,2.0,0.25,4.0,0.01,2.5500000000000003,1.5
370,2.275,2.0,1.1875,0.01,0.01,0.1,1.15
371,2.275,2.0,1.1875,0.01,0.01,0.1,1.5
372,2.275,2.0,1.1875,1.0075,0.01,0.1,0.7999999999999999
373,2.275,2.0,1.1875,1.0075,0.01,1.3250000000000002,1.15
374,2.275,2.0,1.1875,1.0075,0.01,1.3250000000000002,1.5
375,2.275,2.0,1.1875,2.005,0.01,0.1,0.7999999999999999
376,2.275,2.0,1.1875,2.005,0.01,1.3250000000000002,1.15
377,2.275,2.0,1.1875,2.005,0.01,1.3250000000000002,1.5
378,2.275,2.0,1.1875,2.005,0.01,2.5500000000000003,1.5
379,2.275,2.0,1.1875,3.0025,0.01,0.1,0.7999999999999999
380,2.275,2.0,1.1875,3.0025,0.01,1.3250000000000002,1.15
381,2.275,2.0,1.1875,3.0025,0.01,1.3250000000000002,1.5
382,2.275,2.0,1.1875,3.0025,0.01,2.5500000000000003,1.5
383,2.275,2.0,1.1875,4.0,0.01,0.1,0.7999999999999999
384,2.275,2.0,1.1875,4.0,0.01,1.3250000000000002,1.15
385,2.275,2.0,1.1875,4.0,0.01,1.3250000000000002,1.5
386,2.275,2.0,1.1875,4.0,0.01,2.5500000000000003,1.5
387,2.275,2.0,2.125,0.01,0.01,0.1,1.15
388,2.275,2.0,2.125,0.01,0.01,0.1,1.5
389,2.275,2.0,2.125,1.0075,0.01,0.1,0.7999999999999999
390,2.275,2.0,2.125,1.0075,0.01,1.3250000000000002,1.15
391,2.275,2.0,2.125,1.0075,0.01,1.3250000000000002,1.5
392,2.275,2.0,2.125,2.005,0.01,0.1,0.7999999999999999
393,2.275,2.0,2.125,2.005,0.01,1.3250000000000002,1.15
394,2.275,2.0,2.125,2.005,0.01,1.3250000000000002,1.5
395,2.275,2.0,2.125,2.005,0.01,2.5500000000000003,1.5
396,2.275,2.0,2.125,3.0025,0.01,0.1,0.7999999999999999
397,2.275,2.0,2.125,3.0025,0.01,1.3250000000000002,1.15
398,2.275,2.0,2.125,3.0025,0.01,1.3250000000000002,1.5
399,2.275,2.0,2.125,3.0025,0.01,2.5500000000000003,1.5
400,2.275,2.0,2.125,4.0,0.01,0.1,0.7999999999999999
401,2.275,2.0,2.125,4.0,0.01,1.3250000000000002,1.15
402,2.275,2.0,2.125,4.0,0.01,1.3250000000000002,1.5
403,2.275,2.0,2.125,4.0,0.01,2.5500000000000003,1.5
404,2.275,2.0,3.0625,0.01,0.01,0.1,1.15
405,2.275,2.0,3.0625,1.0075,0.01,0.1,0.7999999999999999
406,2.275,2.0,3.0625,1.0075,0.01,1.3250000000000002,1.15
407,2.275,2.0,3.0625,1.0075,0.01,1.3250000000000002,1.5
408,2.275,2.0,3.0625,1.0075,0.01,2.5500000000000003,1.5
409,2.275,2.0,3.0625,2.005,0.01,0.1,0.7999999999999999
410,2.275,2.0,3.0625,2.005,0.01,1.3250000000000002,1.15
411,2.275,2.0,3.0625,2.005,0.01,1.3250000000000002,1.5
412,2.275,2.0,3.0625,2.005,0.01,2.5500000000000003,1.5
413,2.275,2.0,3.0625,3.0025,0.01,0.1,0.7999999999999999
414,2.275,2.0,3.0625,3.0025,0.01,1.3250000000000002,1.15
415,2.275,2.0,3.0625,3.0025,0.01,1.3250000000000002,1.5
416,2.275,2.0,3.0625,3.0025,0.01,2.5500000000000003,1.5
417,2.275,2.0,3.0625,4.0,0.01,0.1,0.7999999999999999
418,2.275,2.0,3.0625,4.0,0.01,1.3250000000000002,1.15
419,2.275,2.0,3.0625,4.0,0.01,1.3250000000000002,1.5
420,2.275,2.0,3.0625,4.0,0.01,2.5500000000000003,1.5
421,2.275,2.0,4.0,0.01,0.01,0.1,1.15
422,2.275,2.0,4.0,1.0075,0.01,0.1,0.7999999999999999
423,2.275,2.0,4.0,1.0075,0.01,1.3250000000000002,1.15
424,2.275,2.0,4.0,1.0075,0.01,1.3250000000000002,1.5
425,2.275,2.0,4.0,1.0075,0.01,2.5500000000000003,1.5
426,2.275,2.0,4.0,2.005,0.01,0.1,0.7999999999999999
427,2.275,2.0,4.0,2.005,0.01,1.3250000000000002,1.15
428,2.275,2.0,4.0,2.005,0.01,1.3250000000000002,1.5
429,2.275,2.0,4.0,2.005,0.01,2.5500000000000003,1.5
430,2.275,2.0,4.0,3.0025,0.01,0.1,0.7999999999999999
431,2.275,2.0,4.0,3.0025,0.01,1.3250000000000002,1.15
432,2.275,2.0,4.0,3.0025,0.01,1.3250000000000002,1.5
433,2.275,2.0,4.0,3.0025,0.01,2.5500000000000003,1.5
434,2.275,2.0,4.0,4.0,0.01,0.1,0.7999999999999999
435,2.275,2.0,4.0,4.0,0.01,1.3250000000000002,1.15
436,2.275,2.0,4.0,4.0,0.01,1.3250000000000002,1.5
437,2.275,2.0,4.0,4.0,0.01,2.5500000000000003,1.5
438,2.275,3.0,0.25,0.01,0.01,0.1,1.5
439,2.275,3.0,0.25,1.0075,0.01,0.1,0.7999999999999999
440,2.275,3.0,0.25,1.0075,0.01,1.3250000000000002,1.5
441,2.275,3.0,0.25,2.005,0.01,0.1,0.7999999999999999
442,2.275,3.0,0.25,2.005,0.01,1.3250000000000002,1.15
443,2.275,3.0,0.25,2.005,0.01,1.3250000000000002,1.5
444,2.275,3.0,0.25,3.0025,0.01,0.1,0.7999999999999999
445,2.275,3.0,0.25,3.0025,0.01,1.3250000000000002,1.15
446,2.275,3.0,0.25,3.0025,0.01,1.3250000000000002,1.5
447,2.275,3.0,0.25,4.0,0.01,0.1,0.7999999999999999
448,2.275,3.0,0.25,4.0,0.01,1.3250000000000002,1.15
449,2.275,3.0,0.25,4.0,0.01,1.3250000000000002,1.5
450,2.275,3.0,0.25,4.0,0.01,2.5500000000000003,1.5
451,2.275,3.0,1.1875,0.01,0.01,0.1,1.15
452,2.275,3.0,1.1875,0.01,0.01,0.1,1.5
453,2.275,3.0,1.1875,1.0075,0.01,0.1,0.7999999999999999
454,2.275,3.0,1.1875,1.0075,0.01,1.3250000000000002,1.15
455,2.275,3.0,1.1875,1.0075,0.01,1.3250000000000002,1.5
456,2.275,3.0,1.1875,2.005,0.01,0.1,0.7999999999999999
457,2.275,3.0,1.1875,2.005,0.01,1.3250000000000002,1.15
458,2.275,3.0,1.1875,2.005,0.01,1.3250000000000002,1.5
459,2.275,3.0,1.1875,2.005,0.01,2.5500000000000003,1.5
460,2.275,3.0,1.1875,3.0025,0.01,0.1,0.7999999999999999
461,2.275,3.0,1.1875,3.0025,0.01,1.3250000000000002,1.15
462,2.275,3.0,1.1875,3.0025,0.01,1.3250000000000002,1.5
463,2.275,3.0,1.1875,3.0025,0.01,2.5500000000000003,1.5
464,2.275,3.0,1.1875,4.0,0.01,0.1,0.7999999999999999
465,2.275,3.0,1.1875,4.0,0.01,1.3250000000000002,1.15
466,2.275,3.0,1.1875,4.0,0.01,1.3250000000000002,1.5
467,2.275,3.0,1.1875,4.0,0.01,2.5500000000000003,1.5
468,2.275,3.0,2.125,0.01,0.01,0.1,1.15
469,2.275,3.0,2.125,0.01,0.01,0.1,1.5
470,2.275,3.0,2.125,1.0075,0.01,0.1,0.7999999999999999
471,2.275,3.0,2.125,1.0075,0.01,1.3250000000000002,1.15
472,2.275,3.0,2.125,1.0075,0.01,1.3250000000000002,1.5
473,2.275,3.0,2.125,2.005,0.01,0.1,0.7999999999999999
474,2.275,3.0,2.125,2.005,0.01,1.3250000000000002,1.15
475,2.275,3.0,2.125,2.005,0.01,1.3250000000000002,1.5
476,2.275,3.0,2.125,2.005,0.01,2.5500000000000003,1.5
477,2.275,3.0,2.125,3.0025,0.01,0.1,0.7999999999999999
478,2.275,3.0,2.125,3.0025,0.01,1.3250000000000002,1.15
479,2.275,3.0,2.125,3.0025,0.01,1.3250000000000002,1.5
480,2.275,3.0,2.125,3.0025,0.01,2.5500000000000003,1.5
481,2.275,3.0,2.125,4.0,0.01,0.1,0.7999999999999999
482,2.275,3.0,2.125,4.0,0.01,1.3250000000000002,1.15
483,2.275,3.0,2.125,4.0,0.01,1.3250000000000002,1.5
484,2.275,3.0,2.125,4.0,0.01,2.5500000000000003,1.5
485,2.275,3.0,3.0625,0.01,0.01,0.1,1.15
486,2.275,3.0,3.0625,1.0075,0.01,0.1,0.7999999999999999
487,2.275,3.0,3.0625,1.0075,0.01,1.3250000000000002,1.15
488,2.275,3.0,3.0625,1.0075,0.01,1.3250000000000002,1.5
489,2.275,3.0,3.0625,1.0075,0.01,2.5500000000000003,1.5
490,2.275,3.0,3.0625,2.005,0.01,0.1,0.7999999999999999
491,2.275,3.0,3.0625,2.005,0.01,1.3250000000000002,1.15
492,2.275,3.0,3.0625,2.005,0.01,1.3250000000000002,1.5
493,2.275,3.0,3.0625,2.005,0.01,2.5500000000000003,1.5
494,2.275,3.0,3.0625,3.0025,0.01,0.1,0.7999999999999999
495,2.275,3.0,3.0625,3.0025,0.01,1.3250000000000002,1.15
496,2.275,3.0,3.0625,3.0025,0.01,1.3250000000000002,1.5
497,2.275,3.0,3.0625,3.0025,0.01,2.5500000000000003,1.5
498,2.275,3.0,3.0625,4.0,0.01,0.1,0.7999999999999999
499,2.275,3.0,3.0625,4.0,0.01,1.3250000000000002,1.15
500,2.275,3.0,3.0625,4.0,0.01,1.3250000000000002,1.5
501,2.275,3.0,3.0625,4.0,0.01,2.5500000000000003,1.5
502,2.275,3.0,4.0,0.01,0.01,0.1,1.15
503,2.275,3.0,4.0,1.0075,0.01,0.1,0.7999999999999999
504,2.275,3.0,4.0,1.0075,0.01,1.3250000000000002,1.15
505,2.275,3.0,4.0,1.0075,0.01,1.3250000000000002,1.5
506,2.275,3.0,4.0,1.0075,0.01,2.5500000000000003,1.5
507,2.275,3.0,4.0,2.005,0.01,0.1,0.7999999999999999
508,2.275,3.0,4.0,2.005,0.01,1.3250000000000002,1.15
509,2.275,3.0,4.0,2.005,0.01,1.3250000000000002,1.5
510,2.275,3.0,4.0,2.005,0.01,2.5500000000000003,1.5
511,2.275,3.0,4.0,3.0025,0.01,0.1,0.7999999999999999
512,2.275,3.0,4.0,3.0025,0.01,1.3250000000000002,1.15
513,2.275,3.0,4.0,3.0025,0.01,1.3250000000000002,1.5
514,2.275,3.0,4.0,3.0025,0.01,2.5500000000000003,1.5
515,2.275,3.0,4.0,4.0,0.01,0.1,0.7999999999999999
516,2.275,3.0,4.0,4.0,0.01,1.3250000000000002,1.15
517,2.275,3.0,4.0,4.0,0.01,1.3250000000000002,1.5
518,2.275,3.0,4.0,4.0,0.01,2.5500000000000003,1.5
519,2.275,4.0,0.25,0.01,0.01,0.1,1.5
520,2.275,4.0,0.25,1.0075,0.01,0.1,0.7999999999999999
521,2.275,4.0,0.25,1.0075,0.01,1.3250000000000002,1.5
522,2.275,4.0,0.25,2.005,0.01,0.1,0.7999999999999999
523,2.275,4.0,0.25,2.005,0.01,1.3250000000000002,1.15
524,2.275,4.0,0.25,2.005,0.01,1.3250000000000002,1.5
525,2.275,4.0,0.25,3.0025,0.01,0.1,0.7999999999999999
526,2.275,4.0,0.25,3.0025,0.01,1.3250000000000002,1.15
527,2.275,4.0,0.25,3.0025,0.01,1.3250000000000002,1.5
528,2.275,4.0,0.25,4.0,0.01,0.1,0.7999999999999999
529,2.275,4.0,0.25,4.0,0.01,1.3250000000000002,1.15
530,2.275,4.0,0.25,4.0,0.01,1.3250000000000002,1.5
531,2.275,4.0,0.25,4.0,0.01,2.5500000000000003,1.5
532,2.275,4.0,1.1875,0.01,0.01,0.1,1.15
533,2.275,4.0,1.1875,0.01,0.01,0.1,1.5
534,2.275,4.0,1.1875,1.0075,0.01,0.1,0.7999999999999999
535,2.275,4.0,1.1875,1.0075,0.01,1.3250000000000002,1.15
536,2.275,4.0,1.1875,1.0075,0.01,1.3250000000000002,1.5
537,2.275,4.0,1.1875,2.005,0.01,0.1,0.7999999999999999
538,2.275,4.0,1.1875,2.005,0.01,1.3250000000000002,1.15
539,2.275,4.0,1.1875,2.005,0.01,1.3250000000000002,1.5
540,2.275,4.0,1.1875,2.005,0.01,2.5500000000000003,1.5
541,2.275,4.0,1.1875,3.0025,0.01,0.1,0.7999999999999999
542,2.275,4.0,1.1875,3.0025,0.01,1.3250000000000002,1.15
543,2.275,4.0,1.1875,3.0025,0.01,1.3250000000000002,1.5
544,2.275,4.0,1.1875,3.0025,0.01,2.5500000000000003,1.5
545,2.275,4.0,1.1875,4.0,0.01,0.1,0.7999999999999999
546,2.275,4.0,1.1875,4.0,0.01,1.3250000000000002,1.15
547,2.275,4.0,1.1875,4.0,0.01,1.3250000000000002,1.5
548,2.275,4.0,1.1875,4.0,0.01,2.5500000000000003,1.5
549,2.275,4.0,2.125,0.01,0.01,0.1,1.15
550,2.275,4.0,2.125,0.01,0.01,0.1,1.5
551,2.275,4.0,2.125,1.0075,0.01,0.1,0.7999999999999999
552,2.275,4.0,2.125,1.0075,0.01,1.3250000000000002,1.15
553,2.275,4.0,2.125,1.0075,0.01,1.3250000000000002,1.5
554,2.275,4.0,2.125,2.005,0.01,0.1,0.7999999999999999
555,2.275,4.0,2.125,2.005,0.01,1.3250000000000002,1.15
556,2.275,4.0,2.125,2.005,0.01,1.3250000000000002,1.5
557,2.275,4.0,2.125,2.005,0.01,2.5500000000000003,1.5
558,2.275,4.0,2.125,3.0025,0.01,0.1,0.7999999999999999
559,2.275,4.0,2.125,3.0025,0.01,1.3250000000000002,1.15
560,2.275,4.0,2.125,3.0025,0.01,1.3250000000000002,1.5
561,2.275,4.0,2.125,3.0025,0.01,2.5500000000000003,1.5
562,2.275,4.0,2.125,4.0,0.01,0.1,0.7999999999999999
563,2.275,4.0,2.125,4.0,0.01,1.3250000000000002,1.15
564,2.275,4.0,2.125,4.0,0.01,1.3250000000000002,1.5
565,2.275,4.0,2.125,4.0,0.01,2.5500000000000003,1.5
566,2.275,4.0,3.0625,0.01,0.01,0.1,1.15
567,2.275,4.0,3.0625,1.0075,0.01,0.1,0.7999999999999999
568,2.275,4.0,3.0625,1.0075,0.01,1.3250000000000002,1.15
569,2.275,4.0,3.0625,1.0075,0.01,1.3250000000000002,1.5
570,2.275,4.0,3.0625,1.0075,0.01,2.5500000000000003,1.5
571,2.275,4.0,3.0625,2.005,0.01,0.1,0.7999999999999999
572,2.275,4.0,3.0625,2.005,0.01,1.3250000000000002,1.15
573,2.275,4.0,3.0625,2.005,0.01,1.3250000000000002,1.5
574,2.275,4.0,3.0625,2.005,0.01,2.5500000000000003,1.5
575,2.275,4.0,3.0625,3.0025,0.01,0.1,0.7999999999999999
576,2.275,4.0,3.0625,3.0025,0.01,1.3250000000000002,1.15
577,2.275,4.0,3.0625,3.0025,0.01,1.3250000000000002,1.5
578,2.275,4.0,3.0625,3.0025,0.01,2.5500000000000003,1.5
579,2.275,4.0,3.0625,4.0,0.01,0.1,0.7999999999999999
580,2.275,4.0,3.0625,4.0,0.01,1.3250000000000002,1.15
581,2.275,4.0,3.0625,4.0,0.01,1.3250000000000002,1.5
582,2.275,4.0,3.0625,4.0,0.01,2.5500000000000003,1.5
583,2.275,4.0,4.0,0.01,0.01,0.1,1.15
584,2.275,4.0,4.0,1.0075,0.01,0.1,0.7999999999999999
585,2.275,4.0,4.0,1.0075,0.01,1.3250000000000002,1.15
586,2.275,4.0,4.0,1.0075,0.01,1.3250000000000002,1.5
587,2.275,4.0,4.0,1.0075,0.01,2.5500000000000003,1.5
588,2.275,4.0,4.0,2.005,0.01,0.1,0.7999999999999999
589,2.275,4.0,4.0,2.005,0.01,1.3250000000000002,1.15
590,2.275,4.0,4.0,2.005,0.01,1.3250000000000002,1.5
591,2.275,4.0,4.0,2.005,0.01,2.5500000000000003,1.5
592,2.275,4.0,4.0,3.0025,0.01,0.1,0.7999999999999999
593,2.275,4.0,4.0,3.0025,0.01,1.3250000000000002,1.15
594,2.275,4.0,4.0,3.0025,0.01,1.3250000000000002,1.5
595,2.275,4.0,4.0,3.0025,0.01,2.5500000000000003,1.5
596,2.275,4.0,4.0,4.0,0.01,0.1,0.7999999999999999
597,2.275,4.0,4.0,4.0,0.01,1.3250000000000002,1.15
598,2.275,4.0,4.0,4.0,0.01,1.3250000000000002,1.5
599,2.275,4.0,4.0,4.0,0.01,2.5500000000000003,1.5
600,2.275,5.0,0.25,0.01,0.01,0.1,1.5
601,2.275,5.0,0.25,1.0075,0.01,0.1,0.7999999999999999
602,2.275,5.0,0.25,1.0075,0.01,1.3250000000000002,1.5
603,2.275,5.0,0.25,2.005,0.01,0.1,0.7999999999999999
604,2.275,5.0,0.25,2.005,0.01,1.3250000000000002,1.15
605,2.275,5.0,0.25,2.005,0.01,1.3250000000000002,1.5
606,2.275,5.0,0.25,3.0025,0.01,0.1,0.7999999999999999
607,2.275,5.0,0.25,3.0025,0.01,1.3250000000000002,1.15
608,2.275,5.0,0.25,3.0025,0.01,1.3250000000000002,1.5
609,2.275,5.0,0.25,4.0,0.01,0.1,0.7999999999999999
610,2.275,5.0,0.25,4.0,0.01,1.3250000000000002,1.15
611,2.275,5.0,0.25,4.0,0.01,1.3250000000000002,1.5
612,2.275,5.0,0.25,4.0,0.01,2.5500000000000003,1.5
613,2.275,5.0,1.1875,0.01,0.01,0.1,1.15
614,2.275,5.0,1.1875,0.01,0.01,0.1,1.5
615,2.275,5.0,1.1875,1.0075,0.01,0.1,0.7999999999999999
616,2.275,5.0,1.1875,1.0075,0.01,1.3250000000000002,1.15
617,2.275,5.0,1.1875,1.0075,0.01,1.3250000000000002,1.5
618,2.275,5.0,1.1875,2.005,0.01,0.1,0.7999999999999999
619,2.275,5.0,1.1875,2.005,0.01,1.3250000000000002,1.15
620,2.275,5.0,1.1875,2.005,0.01,1.3250000000000002,1.5
621,2.275,5.0,1.1875,2.005,0.01,2.5500000000000003,1.5
622,2.275,5.0,1.1875,3.0025,0.01,0.1,0.7999999999999999
623,2.275,5.0,1.1875,3.0025,0.01,1.3250000000000002,1.15
624,2.275,5.0,1.1875,3.0025,0.01,1.3250000000000002,1.5
625,2.275,5.0,1.1875,3.0025,0.01,2.5500000000000003,1.5
626,2.275,5.0,1.1875,4.0,0.01,0.1,0.7999999999999999
627,2.275,5.0,1.1875,4.0,0.01,1.3250000000000002,1.15
628,2.275,5.0,1.1875,4.0,0.01,1.3250000000000002,1.5
629,2.275,5.0,1.1875,4.0,0.01,2.5500000000000003,1.5
630,2.275,5.0,2.125,0.01,0.01,0.1,1.15
631,2.275,5.0,2.125,0.01,0.01,0.1,1.5
632,2.275,5.0,2.125,1.0075,0.01,0.1,0.7999999999999999
633,2.275,5.0,2.125,1.0075,0.01,1.3250000000000002,1.15
634,2.275,5.0,2.125,1.0075,0.01,1.3250000000000002,1.5
635,2.275,5.0,2.125,2.005,0.01,0.1,0.7999999999999999
636,2.275,5.0,2.125,2.005,0.01,1.3250000000000002,1.15
637,2.275,5.0,2.125,2.005,0.01,1.3250000000000002,1.5
638,2.275,5.0,2.125,2.005,0.01,2.5500000000000003,1.5
639,2.275,5.0,2.125,3.0025,0.01,0.1,0.7999999999999999
640,2.275,5.0,2.125,3.0025,0.01,1.3250000000000002,1.15
641,2.275,5.0,2.125,3.0025,0.01,1.3250000000000002,1.5
642,2.275,5.0,2.125,3.0025,0.01,2.5500000000000003,1.5
643,2.275,5.0,2.125,4.0,0.01,0.1,0.7999999999999999
644,2.275,5.0,2.125,4.0,0.01,1.3250000000000002,1.15
645,2.275,5.0,2.125,4.0,0.01,1.3250000000000002,1.5
646,2.275,5.0,2.125,4.0,0.01,2.5500000000000003,1.5
647,2.275,5.0,3.0625,0.01,0.01,0.1,1.15
648,2.275,5.0,3.0625,1.0075,0.01,0.1,0.7999999999999999
649,2.275,5.0,3.0625,1.0075,0.01,1.3250000000000002,1.15
650,2.275,5.0,3.0625,1.0075,0.01,1.3250000000000002,1.5
651,2.275,5.0,3.0625,1.0075,0.01,2.5500000000000003,1.5
652,2.275,5.0,3.0625,2.005,0.01,0.1,0.7999999999999999
653,2.275,5.0,3.0625,2.005,0.01,1.3250000000000002,1.15
654,2.275,5.0,3.0625,2.005,0.01,1.3250000000000002,1.5
655,2.275,5.0,3.0625,2.005,0.01,2.5500000000000003,1.5
656,2.275,5.0,3.0625,3.0025,0.01,0.1,0.7999999999999999
657,2.275,5.0,3.0625,3.0025,0.01,1.3250000000000002,1.15
658,2.275,5.0,3.0625,3.0025,0.01,1.3250000000000002,1.5
659,2.275,5.0,3.0625,3.0025,0.01,2.5500000000000003,1.5
660,2.275,5.0,3.0625,4.0,0.01,0.1,0.7999999999999999
661,2.275,5.0,3.0625,4.0,0.01,1.3250000000000002,1.15
662,2.275,5.0,3.0625,4.0,0.01,1.3250000000000002,1.5
663,2.275,5.0,3.0625,4.0,0.01,2.5500000000000003,1.5
664,2.275,5.0,4.0,0.01,0.01,0.1,1.15
665,2.275,5.0,4.0,1.0075,0.01,0.1,0.7999999999999999
666,2.275,5.0,4.0,1.0075,0.01,1.3250000000000002,1.15
667,2.275,5.0,4.0,1.0075,0.01,1.3250000000000002,1.5
668,2.275,5.0,4.0,1.0075,0.01,2.5500000000000003,1.5
669,2.275,5.0,4.0,2.005,0.01,0.1,0.7999999999999999
670,2.275,5.0,4.0,2.005,0.01,1.3250000000000002,1.15
671,2.275,5.0,4.0,2.005,0.01,1.3250000000000002,1.5
672,2.275,5.0,4.0,2.005,0.01,2.5500000000000003,1.5
673,2.275,5.0,4.0,3.0025,0.01,0.1,0.7999999999999999
674,2.275,5.0,4.0,3.0025,0.01,1.3250000000000002,1.15
675,2.275,5.0,4.0,3.0025,0.01,1.3250000000000002,1.5
676,2.275,5.0,4.0,3.0025,0.01,2.5500000000000003,1.5
677,2.275,5.0,4.0,4.0,0.01,0.1,0.7999999999999999
678,2.275,5.0,4.0,4.0,0.01,1.3250000000000002,1.15
679,2.275,5.0,4.0,4.0,0.01,1.3250000000000002,1.5
680,2.275,5.0,4.0,4.0,0.01,2.5500000000000003,1.5
681,3.0,1.0,0.25,1.0075,0.01,0.1,0.7999999999999999
682,3.0,1.0,0.25,1.0075,0.01,1.3250000000000002,1.5
683,3.0,1.0,0.25,2.005,0.01,0.1,0.7999999999999999
684,3.0,1.0,0.25,2.005,0.01,1.3250000000000002,1.15
685,3.0,1.0,0.25,2.005,0.01,1.3250000000000002,1.5
686,3.0,1.0,0.25,3.0025,0.01,0.1,0.7999999999999999
687,3.0,1.0,0.25,3.0025,0.01,1.3250000000000002,1.15
688,3.0,1.0,0.25,3.0025,0.01,1.3250000000000002,1.5
689,3.0,1.0,0.25,3.0025,0.01,2.5500000000000003,1.5
690,3.0,1.0,0.25,4.0,0.01,0.1,0.7999999999999999
691,3.0,1.0,0.25,4.0,0.01,1.3250000000000002,1.15
692,3.0,1.0,0.25,4.0,0.01,1.3250000000000002,1.5
693,3.0,1.0,0.25,4.0,0.01,2.5500000000000003,1.5
694,3.0,1.0,1.1875,0.01,0.01,0.1,1.15
695,3.0,1.0,1.1875,0.01,0.01,0.1,1.5
696,3.0,1.0,1.1875,1.0075,0.01,0.1,0.7999999999999999
697,3.0,1.0,1.1875,1.0075,0.01,1.3250000000000002,1.15
698,3.0,1.0,1.1875,1.0075,0.01,1.3250000000000002,1.5
699,3.0,1.0,1.1875,1.0075,0.01,2.5500000000000003,1.5
700,3.0,1.0,1.1875,2.005,0.01,0.1,0.7999999999999999
701,3.0,1.0,1.1875,2.005,0.01,1.3250000000000002,1.15
702,3.0,1.0,1.1875,2.005,0.01,1.3250000000000002,1.5
703,3.0,1.0,1.1875,2.005,0.01,2.5500000000000003,1.5
704,3.0,1.0,1.1875,3.0025,0.01,0.1,0.44999999999999996
705,3.0,1.0,1.1875,3.0025,0.01,0.1,0.7999999999999999
706,3.0,1.0,1.1875,3.0025,0.01,1.3250000000000002,1.15
707,3.0,1.0,1.1875,3.0025,0.01,1.3250000000000002,1.5
708,3.0,1.0,1.1875,3.0025,0.01,2.5500000000000003,1.5
709,3.0,1.0,1.1875,4.0,0.01,0.1,0.44999999999999996
710,3.0,1.0,1.1875,4.0,0.01,0.1,0.7999999999999999
711,3.0,1.0,1.1875,4.0,0.01,1.3250000000000002,1.15
712,3.0,1.0,1.1875,4.0,0.01,1.3250000000000002,1.5
713,3.0,1.0,1.1875,4.0,0.01,2.5500000000000003,1.5
714,3.0,1.0,2.125,0.01,0.01,0.1,1.15
715,3.0,1.0,2.125,0.01,0.01,0.1,1.5
716,3.0,1.0,2.125,1.0075,0.01,0.1,0.7999999999999999
717,3.0,1.0,2.125,1.0075,0.01,1.3250000000000002,1.15
718,3.0,1.0,2.125,1.0075,0.01,1.3250000000000002,1.5
719,3.0,1.0,2.125,1.0075,0.01,2.5500000000000003,1.5
720,3.0,1.0,2.125,2.005,0.01,0.1,0.7999999999999999
721,3.0,1.0,2.125,2.005,0.01,1.3250000000000002,1.15
722,3.0,1.0,2.125,2.005,0.01,1.3250000000000002,1.5
723,3.0,1.0,2.125,2.005,0.01,2.5500000000000003,1.5
724,3.0,1.0,2.125,3.0025,0.01,0.1,0.44999999999999996
725,3.0,1.0,2.125,3.0025,0.01,0.1,0.7999999999999999
726,3.0,1.0,2.125,3.0025,0.01,1.3250000000000002,1.15
727,3.0,1.0,2.125,3.0025,0.01,1.3250000000000002,1.5
728,3.0,1.0,2.125,3.0025,0.01,2.5500000000000003,1.5
729,3.0,1.0,2.125,4.0,0.01,0.1,0.44999999999999996
730,3.0,1.0,2.125,4.0,0.01,0.1,0.7999999999999999
731,3.0,1.0,2.125,4.0,0.01,1.3250000000000002,1.15
732,3.0,1.0,2.125,4.0,0.01,1.3250000000000002,1.5
733,3.0,1.0,2.125,4.0,0.01,2.5500000000000003,1.5
734,3.0,1.0,3.0625,0.01,0.01,0.1,1.15
735,3.0,1.0,3.0625,0.01,0.01,0.1,1.5
736,3.0,1.0,3.0625,1.0075,0.01,0.1,0.7999999999999999
737,3.0,1.0,3.0625,1.0075,0.01,1.3250000000000002,1.15
738,3.0,1.0,3.0625,1.0075,0.01,1.3250000000000002,1.5
739,3.0,1.0,3.0625,1.0075,0.01,2.5500000000000003,1.5
740,3.0,1.0,3.0625,2.005,0.01,0.1,0.44999999999999996
741,3.0,1.0,3.0625,2.005,0.01,0.1,0.7999999999999999
742,3.0,1.0,3.0625,2.005,0.01,1.3250000000000002,1.15
743,3.0,1.0,3.0625,2.005,0.01,1.3250000000000002,1.5
744,3.0,1.0,3.0625,2.005,0.01,2.5500000000000003,1.5
745,3.0,1.0,3.0625,3.0025,0.01,0.1,0.44999999999999996
746,3.0,1.0,3.0625,3.0025,0.01,0.1,0.7999999999999999
747,3.0,1.0,3.0625,3.0025,0.01,1.3250000000000002,1.15
748,3.0,1.0,3.0625,3.0025,0.01,1.3250000000000002,1.5
749,3.0,1.0,3.0625,3.0025,0.01,2.5500000000000003,1.5
750,3.0,1.0,3.0625,4.0,0.01,0.1,0.44999999999999996
751,3.0,1.0,3.0625,4.0,0.01,0.1,0.7999999999999999
752,3.0,1.0,3.0625,4.0,0.01,1.3250000000000002,1.15
753,3.0,1.0,3.0625,4.0,0.01,1.3250000000000002,1.5
754,3.0,1.0,3.0625,4.0,0.01,2.5500000000000003,1.5
755,3.0,1.0,3.0625,4.0,0.01,3.7750000000000004,1.5
756,3.0,1.0,4.0,0.01,0.01,0.1,1.15
757,3.0,1.0,4.0,1.0075,0.01,0.1,0.7999999999999999
758,3.0,1.0,4.0,1.0075,0.01,1.3250000000000002,1.15
759,3.0,1.0,4.0,1.0075,0.01,1.3250000000000002,1.5
760,3.0,1.0,4.0,1.0075,0.01,2.5500000000000003,1.5
761,3.0,1.0,4.0,2.005,0.01,0.1,0.44999999999999996
762,3.0,1.0,4.0,2.005,0.01,0.1,0.7999999999999999
763,3.0,1.0,4.0,2.005,0.01,1.3250000000000002,1.15
764,3.0,1.0,4.0,2.005,0.01,1.3250000000000002,1.5
765,3.0,1.0,4.0,2.005,0.01,2.5500000000000003,1.5
766,3.0,1.0,4.0,3.0025,0.01,0.1,0.44999999999999996
767,3.0,1.0,4.0,3.0025,0.01,0.1,0.7999999999999999
768,3.0,1.0,4.0,3.0025,0.01,1.3250000000000002,1.15
769,3.0,1.0,4.0,3.0025,0.01,1.3250000000000002,1.5
770,3.0,1.0,4.0,3.0025,0.01,2.5500000000000003,1.5
771,3.0,1.0,4.0,4.0,0.01,0.1,0.44999999999999996
772,3.0,1.0,4.0,4.0,0.01,0.1,0.7999999999999999
773,3.0,1.0,4.0,4.0,0.01,1.3250000000000002,1.15
774,3.0,1.0,4.0,4.0,0.01,1.3250000000000002,1.5
775,3.0,1.0,4.0,4.0,0.01,2.5500000000000003,1.5
776,3.0,1.0,4.0,4.0,0.01,3.7750000000000004,1.5
777,3.0,2.0,0.25,1.0075,0.01,0.1,0.7999999999999999
778,3.0,2.0,0.25,1.0075,0.01,1.3250000000000002,1.5
779,3.0,2.0,0.25,2.005,0.01,0.1,0.7999999999999999
780,3.0,2.0,0.25,2.005,0.01,1.3250000000000002,1.15
781,3.0,2.0,0.25,2.005,0.01,1.3250000000000002,1.5
782,3.0,2.0,0.25,3.0025,0.01,0.1,0.7999999999999999
783,3.0,2.0,0.25,3.0025,0.01,1.3250000000000002,1.15
784,3.0,2.0,0.25,3.0025,0.01,1.3250000000000002,1.5
785,3.0,2.0,0.25,3.0025,0.01,2.5500000000000003,1.5
786,3.0,2.0,0.25,4.0,0.01,0.1,0.7999999999999999
787,3.0,2.0,0.25,4.0,0.01,1.3250000000000002,1.15
788,3.0,2.0,0.25,4.0,0.01,1.3250000000000002,1.5
789,3.0,2.0,0.25,4.0,0.01,2.5500000000000003,1.5
790,3.0,2.0,1.1875,0.01,0.01,0.1,1.15
791,3.0,2.0,1.1875,0.01,0.01,0.1,1.5
792,3.0,2.0,1.1875,1.0075,0.01,0.1,0.7999999999999999
793,3.0,2.0,1.1875,1.0075,0.01,1.3250000000000002,1.15
794,3.0,2.0,1.1875,1.0075,0.01,1.3250000000000002,1.5
795,3.0,2.0,1.1875,1.0075,0.01,2.5500000000000003,1.5
796,3.0,2.0,1.1875,2.005,0.01,0.1,0.7999999999999999
797,3.0,2.0,1.1875,2.005,0.01,1.3250000000000002,1.15
798,3.0,2.0,1.1875,2.005,0.01,1.3250000000000002,1.5
799,3.0,2.0,1.1875,2.005,0.01,2.5500000000000003,1.5
800,3.0,2.0,1.1875,3.0025,0.01,0.1,0.44999999999999996
801,3.0,2.0,1.1875,3.0025,0.01,0.1,0.7999999999999999
802,3.0,2.0,1.1875,3.0025,0.01,1.3250000000000002,1.15
803,3.0,2.0,1.1875,3.0025,0.01,1.3250000000000002,1.5
804,3.0,2.0,1.1875,3.0025,0.01,2.5500000000000003,1.5
805,3.0,2.0,1.1875,4.0,0.01,0.1,0.44999999999999996
806,3.0,2.0,1.1875,4.0,0.01,0.1,0.7999999999999999
807,3.0,2.0,1.1875,4.0,0.01,1.3250000000000002,1.15
808,3.0,2.0,1.1875,4.0,0.01,1.3250000000000002,1.5
809,3.0,2.0,1.1875,4.0,0.01,2.5500000000000003,1.5
810,3.0,2.0,2.125,0.01,0.01,0.1,1.15
811,3.0,2.0,2.125,0.01,0.01,0.1,1.5
812,3.0,2.0,2.125,1.0075,0.01,0.1,0.7999999999999999
813,3.0,2.0,2.125,1.0075,0.01,1.3250000000000002,1.15
814,3.0,2.0,2.125,1.0075,0.01,1.3250000000000002,1.5
815,3.0,2.0,2.125,1.0075,0.01,2.5500000000000003,1.5
816,3.0,2.0,2.125,2.005,0.01,0.1,0.7999999999999999
817,3.0,2.0,2.125,2.005,0.01,1.3250000000000002,1.15
818,3.0,2.0,2.125,2.005,0.01,1.3250000000000002,1.5
819,3.0,2.0,2.125,2.005,0.01,2.5500000000000003,1.5
820,3.0,2.0,2.125,3.0025,0.01,0.1,0.44999999999999996
821,3.0,2.0,2.125,3.0025,0.01,0.1,0.7999999999999999
822,3.0,2.0,2.125,3.0025,0.01,1.3250000000000002,1.15
823,3.0,2.0,2.125,3.0025,0.01,1.3250000000000002,1.5
824,3.0,2.0,2.125,3.0025,0.01,2.5500000000000003,1.5
825,3.0,2.0,2.125,4.0,0.01,0.1,0.44999999999999996
826,3.0,2.0,2.125,4.0,0.01,0.1,0.7999999999999999
827,3.0,2.0,2.125,4.0,0.01,1.3250000000000002,1.15
828,3.0,2.0,2.125,4.0,0.01,1.3250000000000002,1.5
829,3.0,2.0,2.125,4.0,0.01,2.5500000000000003,1.5
830,3.0,2.0,3.0625,0.01,0.01,0.1,1.15
831,3.0,2.0,3.0625,0.01,0.01,0.1,1.5
832,3.0,2.0,3.0625,1.0075,0.01,0.1,0.7999999999999999
833,3.0,2.0,3.0625,1.0075,0.01,1.3250000000000002,1.15
834,3.0,2.0,3.0625,1.0075,0.01,1.3250000000000002,1.5
835,3.0,2.0,3.0625,1.0075,0.01,2.5500000000000003,1.5
836,3.0,2.0,3.0625,2.005,0.01,0.1,0.44999999999999996
837,3.0,2.0,3.0625,2.005,0.01,0.1,0.7999999999999999
838,3.0,2.0,3.0625,2.005,0.01,1.3250000000000002,1.15
839,3.0,2.0,3.0625,2.005,0.01,1.3250000000000002,1.5
840,3.0,2.0,3.0625,2.005,0.01,2.5500000000000003,1.5
841,3.0,2.0,3.0625,3.0025,0.01,0.1,0.44999999999999996
842,3.0,2.0,3.0625,3.0025,0.01,0.1,0.7999999999999999
843,3.0,2.0,3.0625,3.0025,0.01,1.3250000000000002,1.15
844,3.0,2.0,3.0625,3.0025,0.01,1.3250000000000002,1.5
845,3.0,2.0,3.0625,3.0025,0.01,2.5500000000000003,1.5
846,3.0,2.0,3.0625,4.0,0.01,0.1,0.44999999999999996
847,3.0,2.0,3.0625,4.0,0.01,0.1,0.7999999999999999
848,3.0,2.0,3.0625,4.0,0.01,1.3250000000000002,1.15
849,3.0,2.0,3.0625,4.0,0.01,1.3250000000000002,1.5
850,3.0,2.0,3.0625,4.0,0.01,2.5500000000000003,1.5
851,3.0,2.0,3.0625,4.0,0.01,3.7750000000000004,1.5
852,3.0,2.0,4.0,0.01,0.01,0.1,1.15
853,3.0,2.0,4.0,1.0075,0.01,0.1,0.7999999999999999
854,3.0,2.0,4.0,1.0075,0.01,1.3250000000000002,1.15
855,3.0,2.0,4.0,1.0075,0.01,1.3250000000000002,1.5
856,3.0,2.0,4.0,1.0075,0.01,2.5500000000000003,1.5
857,3.0,2.0,4.0,2.005,0.01,0.1,0.44999999999999996
858,3.0,2.0,4.0,2.005,0.01,0.1,0.7999999999999999
859,3.0,2.0,4.0,2.005,0.01,1.3250000000000002,1.15
860,3.0,2.0,4.0,2.005,0.01,1.3250000000000002,1.5
861,3.0,2.0,4.0,2.005,0.01,2.5500000000000003,1.5
862,3.0,2.0,4.0,3.0025,0.01,0.1,0.44999999999999996
863,3.0,2.0,4.0,3.0025,0.01,0.1,0.7999999999999999
864,3.0,2.0,4.0,3.0025,0.01,1.3250000000000002,1.15
865,3.0,2.0,4.0,3.0025,0.01,1.3250000000000002,1.5
866,3.0,2.0,4.0,3.0025,0.01,2.5500000000000003,1.5
867,3.0,2.0,4.0,4.0,0.01,0.1,0.44999999999999996
868,3.0,2.0,4.0,4.0,0.01,0.1,0.7999999999999999
869,3.0,2.0,4.0,4.0,0.01,1.3250000000000002,1.15
870,3.0,2.0,4.0,4.0,0.01,1.3250000000000002,1.5
871,3.0,2.0,4.0,4.0,0.01,2.5500000000000003,1.5
872,3.0,2.0,4.0,4.0,0.01,3.7750000000000004,1.5
873,3.0,3.0,0.25,1.0075,0.01,0.1,0.7999999999999999
874,3.0,3.0,0.25,1.0075,0.01,1.3250000000000002,1.5
875,3.0,3.0,0.25,2.005,0.01,0.1,0.7999999999999999
876,3.0,3.0,0.25,2.005,0.01,1.3250000000000002,1.15
877,3.0,3.0,0.25,2.005,0.01,1.3250000000000002,1.5
878,3.0,3.0,0.25,3.0025,0.01,0.1,0.7999999999999999
879,3.0,3.0,0.25,3.0025,0.01,1.3250000000000002,1.15
880,3.0,3.0,0.25,3.0025,0.01,1.3250000000000002,1.5
881,3.0,3.0,0.25,3.0025,0.01,2.5500000000000003,1.5
882,3.0,3.0,0.25,4.0,0.01,0.1,0.7999999999999999
883,3.0,3.0,0.25,4.0,0.01,1.3250000000000002,1.15
884,3.0,3.0,0.25,4.0,0.01,1.3250000000000002,1.5
885,3.0,3.0,0.25,4.0,0.01,2.5500000000000003,1.5
886,3.0,3.0,1.1875,0.01,0.01,0.1,1.15
887,3.0,3.0,1.1875,0.01,0.01,0.1,1.5
888,3.0,3.0,1.1875,1.0075,0.01,0.1,0.7999999999999999
889,3.0,3.0,1.1875,1.0075,0.01,1.3250000000000002,1.15
890,3.0,3.0,1.1875,1.0075,0.01,1.3250000000000002,1.5
891,3.0,3.0,1.1875,1.0075,0.01,2.5500000000000003,1.5
892,3.0,3.0,1.1875,2.005,0.01,0.1,0.7999999999999999
893,3.0,3.0,1.1875,2.005,0.01,1.3250000000000002,1.15
894,3.0,3.0,1.1875,2.005,0.01,1.3250000000000002,1.5
895,3.0,3.0,1.1875,2.005,0.01,2.5500000000000003,1.5
896,3.0,3.0,1.1875,3.0025,0.01,0.1,0.44999999999999996
897,3.0,3.0,1.1875,3.0025,0.01,0.1,0.7999999999999999
898,3.0,3.0,1.1875,3.0025,0.01,1.3250000000000002,1.15
899,3.0,3.0,1.1875,3.0025,0.01,1.3250000000000002,1.5
900,3.0,3.0,1.1875,3.0025,0.01,2.5500000000000003,1.5
901,3.0,3.0,1.1875,4.0,0.01,0.1,0.44999999999999996
902,3.0,3.0,1.1875,4.0,0.01,0.1,0.7999999999999999
903,3.0,3.0,1.1875,4.0,0.01,1.3250000000000002,1.15
904,3.0,3.0,1.1875,4.0,0.01,1.3250000000000002,1.5
905,3.0,3.0,1.1875,4.0,0.01,2.5500000000000003,1.5
906,3.0,3.0,2.125,0.01,0.01,0.1,1.15
907,3.0,3.0,2.125,0.01,0.01,0.1,1.5
908,3.0,3.0,2.125,1.0075,0.01,0.1,0.7999999999999999
909,3.0,3.0,2.125,1.0075,0.01,1.3250000000000002,1.15
910,3.0,3.0,2.125,1.0075,0.01,1.3250000000000002,1.5
911,3.0,3.0,2.125,1.0075,0.01,2.5500000000000003,1.5
912,3.0,3.0,2.125,2.005,0.01,0.1,0.7999999999999999
913,3.0,3.0,2.125,2.005,0.01,1.3250000000000002,1.15
914,3.0,3.0,2.125,2.005,0.01,1.3250000000000002,1.5
915,3.0,3.0,2.125,2.005,0.01,2.5500000000000003,1.5
916,3.0,3.0,2.125,3.0025,0.01,0.1,0.44999999999999996
917,3.0,3.0,2.125,3.0025,0.01,0.1,0.7999999999999999
918,3.0,3.0,2.125,3.0025,0.01,1.3250000000000002,1.15
919,3.0,3.0,2.125,3.0025,0.01,1.3250000000000002,1.5
920,3.0,3.0,2.125,3.0025,0.01,2.5500000000000003,1.5
921,3.0,3.0,2.125,4.0,0.01,0.1,0.44999999999999996
922,3.0,3.0,2.125,4.0,0.01,0.1,0.7999999999999999
923,3.0,3.0,2.125,4.0,0.01,1.3250000000000002,1.15
924,3.0,3.0,2.125,4.0,0.01,1.3250000000000002,1.5
925,3.0,3.0,2.125,4.0,0.01,2.5500000000000003,1.5
926,3.0,3.0,3.0625,0.01,0.01,0.1,1.15
927,3.0,3.0,3.0625,0.01,0.01,0.1,1.5
928,3.0,3.0,3.0625,1.0075,0.01,0.1,0.7999999999999999
929,3.0,3.0,3.0625,1.0075,0.01,1.3250000000000002,1.15
930,3.0,3.0,3.0625,1.0075,0.01,1.3250000000000002,1.5
931,3.0,3.0,3.0625,1.0075,0.01,2.5500000000000003,1.5
932,3.0,3.0,3.0625,2.005,0.01,0.1,0.44999999999999996
933,3.0,3.0,3.0625,2.005,0.01,0.1,0.7999999999999999
934,3.0,3.0,3.0625,2.005,0.01,1.3250000000000002,1.15
935,3.0,3.0,3.0625,2.005,0.01,1.3250000000000002,1.5
936,3.0,3.0,3.0625,2.005,0.01,2.5500000000000003,1.5
937,3.0,3.0,3.0625,3.0025,0.01,0.1,0.44999999999999996
938,3.0,3.0,3.0625,3.0025,0.01,0.1,0.7999999999999999
939,3.0,3.0,3.0625,3.0025,0.01,1.3250000000000002,1.15
940,3.0,3.0,3.0625,3.0025,0.01,1.3250000000000002,1.5
941,3.0,3.0,3.0625,3.0025,0.01,2.5500000000000003,1.5
942,3.0,3.0,3.0625,4.0,0.01,0.1,0.44999999999999996
943,3.0,3.0,3.0625,4.0,0.01,0.1,0.7999999999999999
944,3.0,3.0,3.0625,4.0,0.01,1.3250000000000002,1.15
945,3.0,3.0,3.0625,4.0,0.01,1.3250000000000002,1.5
946,3.0,3.0,3.0625,4.0,0.01,2.5500000000000003,1.5
947,3.0,3.0,3.0625,4.0,0.01,3.7750000000000004,1.5
948,3.0,3.0,4.0,0.01,0.01,0.1,1.15
949,3.0,3.0,4.0,1.0075,0.01,0.1,0.7999999999999999
950,3.0,3.0,4.0,1.0075,0.01,1.3250000000000002,1.15
951,3.0,3.0,4.0,1.0075,0.01,1.3250000000000002,1.5
952,3.0,3.0,4.0,1.0075,0.01,2.5500000000000003,1.5
953,3.0,3.0,4.0,2.005,0.01,0.1,0.44999999999999996
954,3.0,3.0,4.0,2.005,0.01,0.1,0.7999999999999999
955,3.0,3.0,4.0,2.005,0.01,1.3250000000000002,1.15
956,3.0,3.0,4.0,2.005,0.01,1.3250000000000002,1.5
957,3.0,3.0,4.0,2.005,0.01,2.5500000000000003,1.5
958,3.0,3.0,4.0,3.0025,0.01,0.1,0.44999999999999996
959,3.0,3.0,4.0,3.0025,0.01,0.1,0.7999999999999999
960,3.0,3.0,4.0,3.0025,0.01,1.3250000000000002,1.15
961,3.0,3.0,4.0,3.0025,0.01,1.3250000000000002,1.5
962,3.0,3.0,4.0,3.0025,0.01,2.5500000000000003,1.5
963,3.0,3.0,4.0,4.0,0.01,0.1,0.44999999999999996
964,3.0,3.0,4.0,4.0,0.01,0.1,0.7999999999999999
965,3.0,3.0,4.0,4.0,0.01,1.3250000000000002,1.15
966,3.0,3.0,4.0,4.0,0.01,1.3250000000000002,1.5
967,3.0,3.0,4.0,4.0,0.01,2.5500000000000003,1.5
968,3.0,3.0,4.0,4.0,0.01,3.7750000000000004,1.5
969,3.0,4.0,0.25,1.0075,0.01,0.1,0.7999999999999999
970,3.0,4.0,0.25,1.0075,0.01,1.3250000000000002,1.5
971,3.0,4.0,0.25,2.005,0.01,0.1,0.7999999999999999
972,3.0,4.0,0.25,2.005,0.01,1.3250000000000002,1.15
973,3.0,4.0,0.25,2.005,0.01,1.3250000000000002,1.5
974,3.0,4.0,0.25,3.0025,0.01,0.1,0.7999999999999999
975,3.0,4.0,0.25,3.0025,0.01,1.3250000000000002,1.15
976,3.0,4.0,0.25,3.0025,0.01,1.3250000000000002,1.5
977,3.0,4.0,0.25,3.0025,0.01,2.5500000000000003,1.5
978,3.0,4.0,0.25,4.0,0.01,0.1,0.7999999999999999
979,3.0,4.0,0.25,4.0,0.01,1.3250000000000002,1.15
980,3.0,4.0,0.25,4.0,0.01,1.3250000000000002,1.5
981,3.0,4.0,0.25,4.0,0.01,2.5500000000000003,1.5
982,3.0,4.0,1.1875,0.01,0.01,0.1,1.15
983,3.0,4.0,1.1875,0.01,0.01,0.1,1.5
984,3.0,4.0,1.1875,1.0075,0.01,0.1,0.7999999999999999
985,3.0,4.0,1.1875,1.0075,0.01,1.3250000000000002,1.15
986,3.0,4.0,1.1875,1.0075,0.01,1.3250000000000002,1.5
987,3.0,4.0,1.1875,1.0075,0.01,2.5500000000000003,1.5
988,3.0,4.0,1.1875,2.005,0.01,0.1,0.7999999999999999
989,3.0,4.0,1.1875,2.005,0.01,1.3250000000000002,1.15
990,3.0,4.0,1.1875,2.005,0.01,1.3250000000000002,1.5
991,3.0,4.0,1.1875,2.005,0.01,2.5500000000000003,1.5
992,3.0,4.0,1.1875,3.0025,0.01,0.1,0.44999999999999996
993,3.0,4.0,1.1875,3.0025,0.01,0.1,0.7999999999999999
994,3.0,4.0,1.1875,3.0025,0.01,1.3250000000000002,1.15
995,3.0,4.0,1.1875,3.0025,0.01,1.3250000000000002,1.5
996,3.0,4.0,1.1875,3.0025,0.01,2.5500000000000003,1.5
997,3.0,4.0,1.1875,4.0,0.01,0.1,0.44999999999999996
998,3.0,4.0,1.1875,4.0,0.01,0.1,0.7999999999999999
999,3.0,4.0,1.1875,4.0,0.01,1.3250000000000002,1.15
1000,3.0,4.0,1.1875,4.0,0.01,1.3250000000000002,1.5
1001,3.0,4.0,1.1875,4.0,0.01,2.5500000000000003,1.5
1002,3.0,4.0,2.125,0.01,0.01,0.1,1.15
1003,3.0,4.0,2.125,0.01,0.01,0.1,1.5
1004,3.0,4.0,2.125,1.0075,0.01,0.1,0.7999999999999999
1005,3.0,4.0,2.125,1.0075,0.01,1.3250000000000002,1.15
1006,3.0,4.0,2.125,1.0075,0.01,1.3250000000000002,1.5
1007,3.0,4.0,2.125,1.0075,0.01,2.5500000000000003,1.5
1008,3.0,4.0,2.125,2.005,0.01,0.1,0.7999999999999999
1009,3.0,4.0,2.125,2.005,0.01,1.3250000000000002,1.15
1010,3.0,4.0,2.125,2.005,0.01,1.3250000000000002,1.5
1011,3.0,4.0,2.125,2.005,0.01,2.5500000000000003,1.5
1012,3.0,4.0,2.125,3.0025,0.01,0.1,0.44999999999999996
1013,3.0,4.0,2.125,3.0025,0.01,0.1,0.7999999999999999
1014,3.0,4.0,2.125,3.0025,0.01,1.3250000000000002,1.15
1015,3.0,4.0,2.125,3.0025,0.01,1.3250000000000002,1.5
1016,3.0,4.0,2.125,3.0025,0.01,2.5500000000000003,1.5
1017,3.0,4.0,2.125,4.0,0.01,0.1,0.44999999999999996
1018,3.0,4.0,2.125,4.0,0.01,0.1,0.7999999999999999
1019,3.0,4.0,2.125,4.0,0.01,1.3250000000000002,1.15
1020,3.0,4.0,2.125,4.0,0.01,1.3250000000000002,1.5
1021,3.0,4.0,2.125,4.0,0.01,2.5500000000000003,1.5
1022,3.0,4.0,3.0625,0.01,0.01,0.1,1.15
1023,3.0,4.0,3.0625,0.01,0.01,0.1,1.5
1024,3.0,4.0,3.0625,1.0075,0.01,0.1,0.7999999999999999
1025,3.0,4.0,3.0625,1.0075,0.01,1.3250000000000002,1.15
1026,3.0,4.0,3.0625,1.0075,0.01,1.3250000000000002,1.5
1027,3.0,4.0,3.0625,1.0075,0.01,2.5500000000000003,1.5
1028,3.0,4.0,3.0625,2.005,0.01,0.1,0.44999999999999996
1029,3.0,4.0,3.0625,2.005,0.01,0.1,0.7999999999999999
1030,3.0,4.0,3.0625,2.005,0.01,1.3250000000000002,1.15
1031,3.0,4.0,3.0625,2.005,0.01,1.3250000000000002,1.5
1032,3.0,4.0,3.0625,2.005,0.01,2.5500000000000003,1.5
1033,3.0,4.0,3.0625,3.0025,0.01,0.1,0.44999999999999996
1034,3.0,4.0,3.0625,3.0025,0.01,0.1,0.7999999999999999
1035,3.0,4.0,3.0625,3.0025,0.01,1.3250000000000002,1.15
1036,3.0,4.0,3.0625,3.0025,0.01,1.3250000000000002,1.5
1037,3.0,4.0,3.0625,3.0025,0.01,2.5500000000000003,1.5
1038,3.0,4.0,3.0625,4.0,0.01,0.1,0.44999999999999996
1039,3.0,4.0,3.0625,4.0,0.01,0.1,0.7999999999999999
1040,3.0,4.0,3.0625,4.0,0.01,1.3250000000000002,1.15
1041,3.0,4.0,3.0625,4.0,0.01,1.3250000000000002,1.5
1042,3.0,4.0,3.0625,4.0,0.01,2.5500000000000003,1.5
1043,3.0,4.0,3.0625,4.0,0.01,3.7750000000000004,1.5
1044,3.0,4.0,4.0,0.01,0.01,0.1,1.15
1045,3.0,4.0,4.0,1.0075,0.01,0.1,0.7999999999999999
1046,3.0,4.0,4.0,1.0075,0.01,1.3250000000000002,1.15
1047,3.0,4.0,4.0,1.0075,0.01,1.3250000000000002,1.5
1048,3.0,4.0,4.0,1.0075,0.01,2.5500000000000003,1.5
1049,3.0,4.0,4.0,2.005,0.01,0.1,0.44999999999999996
1050,3.0,4.0,4.0,2.005,0.01,0.1,0.7999999999999999
1051,3.0,4.0,4.0,2.005,0.01,1.3250000000000002,1.15
1052,3.0,4.0,4.0,2.005,0.01,1.3250000000000002,1.5
1053,3.0,4.0,4.0,2.005,0.01,2.5500000000000003,1.5
1054,3.0,4.0,4.0,3.0025,0.01,0.1,0.44999999999999996
1055,3.0,4.0,4.0,3.0025,0.01,0.1,0.7999999999999999
1056,3.0,4.0,4.0,3.0025,0.01,1.3250000000000002,1.15
1057,3.0,4.0,4.0,3.0025,0.01,1.3250000000000002,1.5
1058,3.0,4.0,4.0,3.0025,0.01,2.5500000000000003,1.5
1059,3.0,4.0,4.0,4.0,0.01,0.1,0.44999999999999996
1060,3.0,4.0,4.0,4.0,0.01,0.1,0.7999999999999999
1061,3.0,4.0,4.0,4.0,0.01,1.3250000000000002,1.15
1062,3.0,4.0,4.0,4.0,0.01,1.3250000000000002,1.5
1063,3.0,4.0,4.0,4.0,0.01,2.5500000000000003,1.5
1064,3.0,4.0,4.0,4.0,0.01,3.7750000000000004,1.5
1065,3.0,5.0,0.25,1.0075,0.01,0.1,0.7999999999999999
1066,3.0,5.0,0.25,1.0075,0.01,1.3250000000000002,1.5
1067,3.0,5.0,0.25,2.005,0.01,0.1,0.7999999999999999
1068,3.0,5.0,0.25,2.005,0.01,1.3250000000000002,1.15
1069,3.0,5.0,0.25,2.005,0.01,1.3250000000000002,1.5
1070,3.0,5.0,0.25,3.0025,0.01,0.1,0.7999999999999999
1071,3.0,5.0,0.25,3.0025,0.01,1.3250000000000002,1.15
1072,3.0,5.0,0.25,3.0025,0.01,1.3250000000000002,1.5
1073,3.0,5.0,0.25,3.0025,0.01,2.5500000000000003,1.5
1074,3.0,5.0,0.25,4.0,0.01,0.1,0.7999999999999999
1075,3.0,5.0,0.25,4.0,0.01,1.3250000000000002,1.15
1076,3.0,5.0,0.25,4.0,0.01,1.3250000000000002,1.5
1077,3.0,5.0,0.25,4.0,0.01,2.5500000000000003,1.5
1078,3.0,5.0,1.1875,0.01,0.01,0.1,1.15
1079,3.0,5.0,1.1875,0.01,0.01,0.1,1.5
1080,3.0,5.0,1.1875,1.0075,0.01,0.1,0.7999999999999999
1081,3.0,5.0,1.1875,1.0075,0.01,1.3250000000000002,1.15
1082,3.0,5.0,1.1875,1.0075,0.01,1.3250000000000002,1.5
1083,3.0,5.0,1.1875,1.0075,0.01,2.5500000000000003,1.5
1084,3.0,5.0,1.1875,2.005,0.01,0.1,0.7999999999999999
1085,3.0,5.0,1.1875,2.005,0.01,1.3250000000000002,1.15
1086,3.0,5.0,1.1875,2.005,0.01,1.3250000000000002,1.5
1087,3.0,5.0,1.1875,2.005,0.01,2.5500000000000003,1.5
1088,3.0,5.0,1.1875,3.0025,0.01,0.1,0.44999999999999996
1089,3.0,5.0,1.1875,3.0025,0.01,0.1,0.7999999999999999
1090,3.0,5.0,1.1875,3.0025,0.01,1.3250000000000002,1.15
1091,3.0,5.0,1.1875,3.0025,0.01,1.3250000000000002,1.5
1092,3.0,5.0,1.1875,3.0025,0.01,2.5500000000000003,1.5
1093,3.0,5.0,1.1875,4.0,0.01,0.1,0.44999999999999996
1094,3.0,5.0,1.1875,4.0,0.01,0.1,0.7999999999999999
1095,3.0,5.0,1.1875,4.0,0.01,1.3250000000000002,1.15
1096,3.0,5.0,1.1875,4.0,0.01,1.3250000000000002,1.5
1097,3.0,5.0,1.1875,4.0,0.01,2.5500000000000003,1.5
1098,3.0,5.0,2.125,0.01,0.01,0.1,1.15
1099,3.0,5.0,2.125,0.01,0.01,0.1,1.5
1100,3.0,5.0,2.125,1.0075,0.01,0.1,0.7999999999999999
1101,3.0,5.0,2.125,1.0075,0.01,1.3250000000000002,1.15
1102,3.0,5.0,2.125,1.0075,0.01,1.3250000000000002,1.5
1103,3.0,5.0,2.125,1.0075,0.01,2.5500000000000003,1.5
1104,3.0,5.0,2.125,2.005,0.01,0.1,0.7999999999999999
1105,3.0,5.0,2.125,2.005,0.01,1.3250000000000002,1.15
1106,3.0,5.0,2.125,2.005,0.01,1.3250000000000002,1.5
1107,3.0,5.0,2.125,2.005,0.01,2.5500000000000003,1.5
1108,3.0,5.0,2.125,3.0025,0.01,0.1,0.44999999999999996
1109,3.0,5.0,2.125,3.0025,0.01,0.1,0.7999999999999999
1110,3.0,5.0,2.125,3.0025,0.01,1.3250000000000002,1.15
1111,3.0,5.0,2.125,3.0025,0.01,1.3250000000000002,1.5
1112,3.0,5.0,2.125,3.0025,0.01,2.5500000000000003,1.5
1113,3.0,5.0,2.125,4.0,0.01,0.1,0.44999999999999996
1114,3.0,5.0,2.125,4.0,0.01,0.1,0.7999999999999999
1115,3.0,5.0,2.125,4.0,0.01,1.3250000000000002,1.15
1116,3.0,5.0,2.125,4.0,0.01,1.3250000000000002,1.5
1117,3.0,5.0,2.125,4.0,0.01,2.5500000000000003,1.5
1118,3.0,5.0,3.0625,0.01,0.01,0.1,1.15
1119,3.0,5.0,3.0625,0.01,0.01,0.1,1.5
1120,3.0,5.0,3.0625,1.0075,0.01,0.1,0.7999999999999999
1121,3.0,5.0,3.0625,1.0075,0.01,1.3250000000000002,1.15
1122,3.0,5.0,3.0625,1.0075,0.01,1.3250000000000002,1.5
1123,3.0,5.0,3.0625,1.0075,0.01,2.5500000000000003,1.5
1124,3.0,5.0,3.0625,2.005,0.01,0.1,0.44999999999999996
1125,3.0,5.0,3.0625,2.005,0.01,0.1,0.7999999999999999
1126,3.0,5.0,3.0625,2.005,0.01,1.3250000000000002,1.15
1127,3.0,5.0,3.0625,2.005,0.01,1.3250000000000002,1.5
1128,3.0,5.0,3.0625,2.005,0.01,2.5500000000000003,1.5
1129,3.0,5.0,3.0625,3.0025,0.01,0.1,0.44999999999999996
1130,3.0,5.0,3.0625,3.0025,0.01,0.1,0.7999999999999999
1131,3.0,5.0,3.0625,3.0025,0.01,1.3250000000000002,1.15
1132,3.0,5.0,3.0625,3.0025,0.01,1.3250000000000002,1.5
1133,3.0,5.0,3.0625,3.0025,0.01,2.5500000000000003,1.5
1134,3.0,5.0,3.0625,4.0,0.01,0.1,0.44999999999999996
1135,3.0,5.0,3.0625,4.0,0.01,0.1,0.7999999999999999
1136,3.0,5.0,3.0625,4.0,0.01,1.3250000000000002,1.15
1137,3.0,5.0,3.0625,4.0,0.01,1.3250000000000002,1.5
1138,3.0,5.0,3.0625,4.0,0.01,2.5500000000000003,1.5
1139,3.0,5.0,3.0625,4.0,0.01,3.7750000000000004,1.5
1140,3.0,5.0,4.0,0.01,0.01,0.1,1.15
1141,3.0,5.0,4.0,1.0075,0.01,0.1,0.7999999999999999
1142,3.0,5.0,4.0,1.0075,0.01,1.3250000000000002,1.15
1143,3.0,5.0,4.0,1.0075,0.01,1.3250000000000002,1.5
1144,3.0,5.0,4.0,1.0075,0.01,2.5500000000000003,1.5
1145,3.0,5.0,4.0,2.005,0.01,0.1,0.44999999999999996
1146,3.0,5.0,4.0,2.005,0.01,0.1,0.7999999999999999
1147,3.0,5.0,4.0,2.005,0.01,1.3250000000000002,1.15
1148,3.0,5.0,4.0,2.005,0.01,1.3250000000000002,1.5
1149,3.0,5.0,4.0,2.005,0.01,2.5500000000000003,1.5
1150,3.0,5.0,4.0,3.0025,0.01,0.1,0.44999999999999996
1151,3.0,5.0,4.0,3.0025,0.01,0.1,0.7999999999999999
1152,3.0,5.0,4.0,3.0025,0.01,1.3250000000000002,1.15
1153,3.0,5.0,4.0,3.0025,0.01,1.3250000000000002,1.5
1154,3.0,5.0,4.0,3.0025,0.01,2.5500000000000003,1.5
1155,3.0,5.0,4.0,4.0,0.01,0.1,0.44999999999999996
1156,3.0,5.0,4.0,4.0,0.01,0.1,0.7999999999999999
1157,3.0,5.0,4.0,4.0,0.01,1.3250000000000002,1.15
1158,3.0,5.0,4.0,4.0,0.01,1.3250000000000002,1.5
1159,3.0,5.0,4.0,4.0,0.01,2.5500000000000003,1.5
1160,3.0,5.0,4.0,4.0,0.01,3.7750000000000004,1.5
