"tu_id"	"tu_count"
"EG30099"	9.592326932761359e-13
"G0-8896"	1.7053025658242378e-12
"G0-8897"	0.0
"G0-8898"	0.0
"G0-8900"	2.1245227799227e-12
"G0-8902"	2.4158453015843406e-13
"G0-8903"	0.0
"G0-8907"	0.0
"G0-8911"	4.547473508864638e-13
"G0-8912"	0.0
"G0-8913"	0.0
"G0-8785"	0.0
"G0-8874"	0.0
"EG31115"	6.252776074688882e-13
"G7047"	1.7053025658242407e-13
"EG10001"	58.68666666669964
"EG10003"	48.106666666701116
"EG10004"	132.99999999999824
"EG10011"	80.17333333330068
"EG10013"	50.013333333299826
"EG10014"	5.273333333329853
"EG10015"	206.22000000000025
"EG10016"	2.6000000000006516
"EG10017"	252.5466666669997
"EG10018"	38.63000000000011
"EG10026"	0.0
"EG10027"	72.24999999999999
"EG10028"	37.866666666699984
"EG10030"	36.896666666698785
"EG10031"	852.0366666670002
"EG10032"	722.493333333
"EG10033"	40.43333333329998
"EG10034"	454.8133333330002
"EG10035"	220.81666666699988
"EG10037"	0.0
"EG10039"	287.3800000000001
"EG10040"	19.623333333299797
"EG10043"	66.32000000000019
"EG10044"	498.8833333329999
"EG10046"	7.34000000000016
"EG10049"	6.926666666699825
"EG10050"	10.566666666700142
"EG10051"	314.3633333329999
"EG10054"	28.146666666700284
"EG10056"	0.0
"EG10060"	11.383333333300326
"EG10061"	660.7933333329997
"EG10062"	51.356666666700164
"EG10063"	170.47333333300003
"EG10066"	145.6500000000001
"EG10067"	220.0300000000002
"EG10068"	427.86333333300007
"EG10069"	141.37999999999994
"EG10070"	197.37666666699988
"EG10071"	144.30000000000018
"EG10076"	74.08666666663159
"EG10079"	1087.80666667
"EG10080"	206.75999999999996
"EG10083"	0.0
"EG10084"	472.9266666670002
"EG10085"	1.3699999999997508
"EG10087"	15.666666666699939
"EG10088"	1259.62
"EG10089"	4.560000000000111
"EG10090"	2.5566666666699334
"EG10091"	51.183333333300176
"EG10092"	150.35333333300008
"EG10093"	0.0
"EG10094"	706.3366666670001
"EG10095"	0.0
"EG10096"	1120.4
"EG10097"	241.26999999999998
"EG10107"	314.95000000000005
"EG10108"	1324.88666667
"EG10112"	21.266666666700075
"EG10116"	0.0
"EG10117"	92.18000000000006
"EG10122"	27.58999999999996
"EG10124"	44.466666666699886
"EG10125"	292.1833333330001
"EG10128"	58.52666666670027
"EG10129"	58.600000000000165
"EG10131"	2.113333333330003
"EG10133"	4.886666666670409
"EG10135"	0.0
"EG10137"	21.903333333300353
"EG10138"	25.406666666699937
"EG10139"	0.0
"EG10145"	0.0
"EG10155"	3279.29666667
"EG10156"	507.86666666700006
"EG10157"	142.33333333300004
"EG10160"	41.7366666667001
"EG10164"	968.3033333329994
"EG10165"	229.56500000000025
"EG10166"	3581.12666667
"EG10167"	80.32333333329983
"EG10170"	289.45333333299976
"EG10172"	148.96
"EG10184"	172.65666666700005
"EG10187"	132.17666666700003
"EG10188"	40.31555555552021
"EG10189"	35.55499999999992
"EG10192"	2691.31333333
"EG10196"	133.46666666700003
"EG10200"	69.69666666670003
"EG10201"	188.09999999999982
"EG10202"	45.87666666670013
"EG10203"	78.46000000000022
"EG10206"	170.303333333
"EG10207"	551.73500000035
"EG10210"	18.650000000000098
"EG10212"	104.49000000000001
"EG10213"	59.96000000000011
"EG10215"	193.6899999999998
"EG10217"	526.343333333
"EG10223"	79.79666666670005
"EG10224"	80.60000000000002
"EG10225"	37.15999999999997
"EG10226"	366.793333333
"EG10229"	38.563333333299965
"EG10231"	194.76666666699998
"EG10234"	2.3233333333301407
"EG10236"	134.84999999999994
"EG10240"	170.62666666700008
"EG10241"	867.816666667
"EG10243"	99.28333333329999
"EG10245"	93.22000000000003
"EG10246"	451.7133333329999
"EG10249"	12.053333333299928
"EG10254"	25.49666666670005
"EG10255"	16.446666666700025
"EG10256"	117.60666666699956
"EG10258"	1863.306666670001
"EG10265"	706.4335897432303
"EG10272"	62.19333333000006
"EG10273"	723.656666667
"EG10274"	400.52000000000004
"EG10280"	82.28666666669997
"EG10281"	92.7733333333001
"EG10283"	208.823333333
"EG10285"	12.789999999999942
"EG10294"	205.7866666670004
"EG10300"	170.76999999999998
"EG10306"	371.64
"EG10309"	86.07
"EG10312"	6.0
"EG10316"	0.0
"EG10321"	17634.6266667
"EG10325"	605.02
"EG10326"	83.63999999999997
"EG10329"	5.640000000029776
"EG10334"	125.60999999999979
"EG10335"	877.126666667
"EG10338"	102.00999999999999
"EG10342"	38.15692307723083
"EG10347"	410.4669230772308
"EG10351"	3.6299999999999786
"EG10353"	30.6588888889232
"EG10355"	58.04888888892301
"EG10356"	34.71666666670001
"EG10357"	0.5200000000000814
"EG10358"	0.0
"EG10359"	697.8133333335004
"EG10362"	0.0
"EG10363"	14.98999999989965
"EG10364"	39.40000000000023
"EG10365"	7.6666666666699825
"EG10367"	8107.026666667002
"EG10369"	149.77333333300007
"EG10370"	280.42
"EG10372"	1720.33
"EG10374"	25.52666666670001
"EG10376"	0.0
"EG10383"	826.2883333333002
"EG10384"	239.52999999999994
"EG10389"	0.0
"EG10390"	299.496666667
"EG10394"	1844.65333333
"EG10399"	36.62666666670006
"EG10400"	0.0
"EG10402"	1547.08
"EG10405"	23.839999999999918
"EG10406"	13.73333333330006
"EG10407"	424.94
"EG10408"	1603.73
"EG10411"	872.806666667
"EG10412"	100.64666666699992
"EG10413"	146.31
"EG10414"	154.646666667
"EG10415"	164.066666667
"EG10416"	642.02
"EG10417"	38.45999999999998
"EG10418"	208.12
"EG10422"	303.39666666700003
"EG10423"	319.9100000000001
"EG10424"	178.02333333300007
"EG10425"	122.6433333330001
"EG10426"	50.44333333330016
"EG10427"	0.0
"EG10428"	114.85000000000002
"EG10431"	32.66999999999996
"EG10432"	175.186666667
"EG10440"	1113.6988888856663
"EG10441"	0.0
"EG10453"	307.746666667
"EG10456"	30.283333333299993
"EG10457"	4395.84
"EG10461"	242.373333333
"EG10462"	233.943333333
"EG10463"	160.773333333
"EG10464"	44.320000000000014
"EG10465"	151.36666666699995
"EG10466"	4351.59666667
"EG10467"	2147.78
"EG10488"	28.183333333299974
"EG10489"	4124.85666667
"EG10490"	107.94
"EG10491"	120.51666666700004
"EG10493"	0.0
"EG10495"	3416.86
"EG10498"	174.966666667
"EG10503"	14.230000000000217
"EG10504"	2443.18
"EG10505"	84.97166666699985
"EG10506"	0.0
"EG10507"	61.180000000000035
"EG10509"	64.29333333329998
"EG10510"	469.49666666700006
"EG10511"	145.97
"EG10518"	263.43999999984993
"EG10520"	14.89000000000006
"EG10522"	1246.29666667
"EG10525"	0.0
"EG10531"	6.386666666670033
"EG10535"	15.386666666700002
"EG10539"	1752.03
"EG10542"	208.83666666599993
"EG10543"	1106.2033333369995
"EG10544"	32306.48
"EG10547"	818.606666667
"EG10549"	87.59666666670003
"EG10550"	511.44333333300006
"EG10551"	13.536666666700043
"EG10553"	49.5066666667
"EG10557"	9.880000000000091
"EG10561"	0.0
"EG10562"	172.556666667
"EG10564"	23.633333333370057
"EG10565"	25.170000000000016
"EG10566"	103.75666666700002
"EG10573"	12.960000000000017
"EG10576"	1802.5
"EG10581"	136.66
"EG10583"	135.946666667
"EG10584"	3300.51
"EG10585"	177.62333333299998
"EG10586"	249.25333333300003
"EG10587"	146.156666667
"EG10588"	209.936666667
"EG10589"	751.526666667
"EG10591"	43.279999999999966
"EG10599"	479.7466666700001
"EG10605"	57.62000000000002
"EG10608"	244.61666666650007
"EG10611"	116.06999999999994
"EG10612"	41.21666666670001
"EG10614"	65.66333333329999
"EG10617"	30.540000000000028
"EG10624"	18.573333333300003
"EG10625"	50.643333333300006
"EG10628"	141.043333333
"EG10629"	32.63666666669993
"EG10631"	68.01666666670005
"EG10632"	0.0
"EG10634"	73.68166666634998
"EG10635"	68.99000000000012
"EG10636"	51.961666666350034
"EG10637"	2.8466666666673186
"EG10642"	0.8033333333330006
"EG10649"	98.37333333330001
"EG10650"	574.34
"EG10651"	81.9066666667
"EG10656"	43.406666666700005
"EG10657"	270.826666667
"EG10658"	0.0
"EG10659"	699.393333333
"EG10663"	308.503333333
"EG10664"	0.0
"EG10668"	26.01
"EG10669"	13621.44
"EG10670"	2913.24666667
"EG10671"	9985.00666667
"EG10673"	5243.996666670001
"EG10679"	36.32000000000001
"EG10680"	392.25
"EG10681"	176.38000000000002
"EG10682"	0.0
"EG10686"	81.4933333333
"EG10688"	96.92333333329998
"EG10694"	229.816666667
"EG10695"	309.576666667
"EG10696"	123.85333333299948
"EG10699"	468.863333333
"EG10700"	23.176666666699987
"EG10701"	951.5666666700004
"EG10702"	451.166666667
"EG10703"	0.0
"EG10705"	43.103333333300014
"EG10706"	74.93333333330001
"EG10708"	35.81999999999999
"EG10711"	59.99666666669999
"EG10712"	25.446666666700068
"EG10729"	1.6066666666700087
"EG10732"	0.0
"EG10734"	42.514999999949985
"EG10735"	0.0
"EG10736"	0.0
"EG10737"	1.4099999999999966
"EG10738"	69.8633333333
"EG10740"	110.21333333299991
"EG10741"	113.673333333
"EG10742"	404.68666666700005
"EG10743"	0.0
"EG10746"	84.20666666670002
"EG10747"	14.619999999999953
"EG10748"	31.203333333300066
"EG10753"	6.056666666669969
"EG10754"	25.41500000018499
"EG10755"	1839.6799999999998
"EG10756"	754.873333333
"EG10757"	156.243333333
"EG10759"	237.556666667
"EG10763"	25.920000000000016
"EG10769"	69.31666666670003
"EG10770"	381.943333333
"EG10774"	669.6000000000003
"EG10780"	42.55000000000008
"EG10781"	208.133333333
"EG10786"	0.0
"EG10787"	1110.86333333
"EG10790"	1124.17666667
"EG10791"	521.546666667
"EG10797"	232.666666667
"EG10800"	278.553333333
"EG10801"	17.49666666670001
"EG10802"	51.793333333300026
"EG10803"	237.366666667
"EG10804"	737.383333333
"EG10806"	466.03
"EG10807"	143.123333333
"EG10812"	53.373333333299996
"EG10813"	2.296666666669978
"EG10820"	29.99666666670001
"EG10821"	394.10333333330004
"EG10822"	41.150000000000006
"EG10823"	323.28999999967004
"EG10825"	35.34333333330756
"EG10828"	0.0
"EG10829"	0.0
"EG10831"	29.006666666700017
"EG10833"	57.609999999999985
"EG10835"	63.576666666749986
"EG10837"	38.95333333330001
"EG10839"	60.02000000000001
"EG10844"	510.886666667
"EG10847"	4.573333333329971
"EG10851"	153.956666667
"EG10853"	43.9033333333
"EG10856"	131.486666667
"EG10858"	50.966666666700036
"EG10859"	319.75
"EG10860"	74.3633333333
"EG10863"	103.4933333332998
"EG10873"	3516.2293333379994
"EG10881"	0.0
"EG10885"	2819.22666667
"EG10889"	2378.33
"EG10896"	205.1666666670003
"EG10897"	223.29
"EG10901"	3435.12333333
"EG10908"	0.0
"EG10914"	2520.383333333001
"EG10919"	4164.32666667
"EG10920"	7206.886666670003
"EG10921"	144.903333333
"EG10922"	96.45
"EG10925"	0.0
"EG10926"	48.67333333330001
"EG10929"	78.17333333329998
"EG10930"	23.803333333300014
"EG10933"	443.126666667
"EG10935"	50.5366666667
"EG10944"	1688.0
"EG10945"	64.49666666670042
"EG10946"	1043.3866666670006
"EG10947"	507.22666666699996
"EG10948"	187.81
"EG10950"	41.22333333329998
"EG10952"	499.856666667
"EG10953"	2582.36333333
"EG10954"	51.0466666667
"EG10956"	115.443333333
"EG10957"	12.413333333299992
"EG10958"	86.12333333330001
"EG10960"	0.0
"EG10961"	41.09
"EG10962"	209.96000000000018
"EG10963"	206.11666666700003
"EG10964"	2.1733333333300067
"EG10965"	236.406666667
"EG10968"	84.9933333333
"EG10974"	29.291666666704995
"EG10975"	108.41666666700002
"EG10976"	183.353333333
"EG10983"	226.37
"EG10984"	86.76666666670002
"EG10992"	0.0
"EG10994"	62.49999999999994
"EG10995"	47.206666666699995
"EG10997"	78.03666666670001
"EG11002"	99.29666666629994
"EG11003"	1590.31666667
"EG11004"	27.356666666700008
"EG11012"	431.42999999999995
"EG11013"	217.653333333
"EG11015"	1144.54333333
"EG11016"	0.0
"EG11017"	17.909999999999997
"EG11018"	75.64
"EG11019"	64.58666666670001
"EG11020"	21.46999999999996
"EG11022"	87.92999999999999
"EG11029"	86.7566666667
"EG11030"	19.64000000000001
"EG11031"	1205.27333333
"EG11032"	428.916666667
"EG11033"	1372.63
"EG11034"	741.076666667
"EG11035"	288.946666667
"EG11036"	3315.8300000000004
"EG11037"	3268.79666667
"EG11038"	27.449999999999964
"EG11040"	293.016666667
"EG11041"	18.620000000000005
"EG11042"	67.59333333330001
"EG11044"	0.0
"EG11045"	170.793333333
"EG11052"	0.0
"EG11054"	68.0433333333
"EG11058"	81.3766666667
"EG11060"	78.16999999999992
"EG11061"	56.65333333329999
"EG11062"	58.4466666667
"EG11063"	0.0
"EG11064"	70.43
"EG11065"	4.25
"EG11067"	172.53333333300012
"EG11070"	83.34666666630004
"EG11071"	44.706666666300016
"EG11072"	146.93
"EG11073"	104.776666667
"EG11076"	9.423333333330035
"EG11078"	7.569999999999897
"EG11082"	18.680000000000007
"EG11083"	7.9899999999999665
"EG11091"	49.43333333329997
"EG11092"	2.4700000000000273
"EG11095"	30.423333333300015
"EG11097"	174.373333333
"EG11099"	5.799999999999997
"EG11101"	6.8133333333300214
"EG11102"	64.9666666667
"EG11103"	1.6299999999998822
"EG11104"	114.65333333300009
"EG11105"	0.0
"EG11109"	22.996666666700047
"EG11111"	1323.15666667
"EG11112"	45.83000000000001
"EG11113"	476.923333333
"EG11116"	136.14
"EG11117"	79.53
"EG11118"	89.3366666667
"EG11121"	120.746666667
"EG11124"	4.629999999998974
"EG11125"	0.0
"EG11127"	15.106666666700116
"EG11129"	12.4933333333
"EG11130"	181.93000000000015
"EG11132"	72.70000000000002
"EG11133"	134.26000000000002
"EG11136"	2.633333333330001
"EG11139"	106.903333333
"EG11141"	5.5366666666695865
"EG11143"	143.233333333
"EG11145"	17.129999999999995
"EG11146"	8.486666666670097
"EG11149"	258.11
"EG11151"	758.916666667
"EG11157"	45.373333333300145
"EG11158"	47.2466666667
"EG11159"	35.6433333333
"EG11160"	213.733333333
"EG11163"	86.6533333333
"EG11166"	16.9933333333
"EG11167"	78.8933333333
"EG11171"	62.186666666699814
"EG11175"	8.79
"EG11176"	8.500000000000007
"EG11177"	133.68
"EG11178"	159.19
"EG11180"	305.853333333
"EG11182"	93.7633333333
"EG11184"	35.52
"EG11186"	3.8333333333300184
"EG11187"	1.6666666666704049
"EG11188"	63.0966666667
"EG11192"	146.466666667
"EG11193"	6.016666666669992
"EG11194"	209.453333333
"EG11195"	157.503333333
"EG11196"	63.2933333333
"EG11197"	432.2166666670001
"EG11199"	565.4388888888667
"EG11203"	121.793333333
"EG11206"	5.600000000000008
"EG11207"	9.59333333333
"EG11208"	7.323333333329998
"EG11209"	50.4766666667
"EG11211"	18.123333333299996
"EG11213"	154.55666666699994
"EG11219"	17.82
"EG11221"	345.976666667
"EG11222"	10.073333333300013
"EG11223"	21.625000000000288
"EG11225"	176.8333333330002
"EG11230"	15.913333333299988
"EG11235"	40.9866666667
"EG11236"	13.453333333299994
"EG11237"	8.869999999999997
"EG11238"	92.3466666667
"EG11239"	48.35333333330001
"EG11241"	48.72
"EG11242"	23.8266666667
"EG11244"	157.79333333299996
"EG11246"	248.76
"EG11247"	21.7533333333
"EG11253"	58.35666666670002
"EG11256"	187.09666666700014
"EG11257"	4.123333333330038
"EG11260"	15.319999999999997
"EG11262"	41.71
"EG11266"	2.7133333333299845
"EG11267"	3.016666666670052
"EG11269"	0.0
"EG11270"	29.371111110716647
"EG11272"	0.0
"EG11274"	0.0
"EG11275"	0.0
"EG11276"	0.0
"EG11277"	0.0
"EG11280"	0.0
"EG11284"	2.5444444456663518
"EG11285"	0.0
"EG11286"	159.86
"EG11287"	10.136666666699965
"EG11288"	16.61
"EG11291"	49.126666666699975
"EG11292"	16.7966666667
"EG11297"	167.2333333333002
"EG11298"	134.613333333
"EG11299"	121.3599999999999
"EG11305"	109.85666666699998
"EG11306"	131.256666667
"EG11309"	13.666666666700053
"EG11310"	1.7900000000000065
"EG11313"	3.3299999999999983
"EG11315"	29.01333333330001
"EG11316"	10.766666666700004
"EG11319"	218.2
"EG11325"	77.06
"EG11331"	188.196666667
"EG11334"	5.82
"EG11336"	4.623333333330029
"EG11337"	285.893333333
"EG11338"	254.076666667
"EG11342"	18.44
"EG11343"	6.426666666670002
"EG11344"	199.04
"EG11346"	308.526666667
"EG11358"	0.0
"EG11360"	364.16
"EG11361"	73.3466666667
"EG11366"	259.253333333
"EG11367"	27.629999999999995
"EG11373"	12.320000000000082
"EG11376"	75.4866666667
"EG11377"	81.13
"EG11381"	131.87
"EG11385"	0.0
"EG11386"	9.953333333330006
"EG11387"	107.61333333299999
"EG11390"	2136.68
"EG11391"	272.4200000000001
"EG11392"	95.18
"EG11393"	167.906666667
"EG11396"	116.806666667
"EG11400"	0.0
"EG11401"	49.386666666700336
"EG11404"	123.46000000030004
"EG11406"	186.403333333
"EG11410"	189.196666667
"EG11411"	0.0
"EG11413"	0.0
"EG11415"	1148.33666667
"EG11418"	28.176666667000227
"EG11419"	65.8066666667
"EG11421"	17.483333333300003
"EG11422"	34.05
"EG11427"	421.993333333
"EG11428"	239.503333333
"EG11429"	32.24000000000001
"EG11430"	119.30333333299996
"EG11433"	151.75
"EG11436"	20.0
"EG11438"	165.57
"EG11443"	285.546666667
"EG11447"	2660.81333333
"EG11449"	40.7133333333
"EG11450"	478.543333333
"EG11459"	69.3033333333
"EG11460"	11.396666666700005
"EG11462"	5.533333333329992
"EG11463"	45.54666666669999
"EG11466"	26.296666666700006
"EG11467"	88.3066666667
"EG11468"	76.73
"EG11469"	43.50000000000001
"EG11471"	38.98
"EG11472"	13.5866666667
"EG11481"	0.0
"EG11488"	17.92
"EG11489"	19.233333333300003
"EG11492"	62.89
"EG11495"	24.3133333333
"EG11498"	7.259999999999991
"EG11501"	4.613333333330004
"EG11505"	344.493333333
"EG11508"	3504.5566666700015
"EG11509"	3.736666666669997
"EG11511"	50.68666666669999
"EG11512"	34.11
"EG11514"	0.0
"EG11516"	43.9266666667
"EG11519"	54.12533333333326
"EG11520"	1.7366666666699757
"EG11521"	60.7866666667
"EG11524"	0.7433333333330421
"EG11525"	1.8699999999999974
"EG11526"	0.5900000000000034
"EG11527"	28.42
"EG11528"	1136.30666667
"EG11529"	93.9733333333
"EG11530"	24.2433333333
"EG11531"	246.723333333
"EG11533"	58.2133333333
"EG11535"	0.0
"EG11536"	20.679999999999993
"EG11537"	121.38
"EG11538"	28.6666666667
"EG11539"	263.386666667
"EG11541"	22.269999999999982
"EG11544"	5.219999999999999
"EG11546"	103.5
"EG11548"	0.0
"EG11549"	64.95
"EG11551"	1.2833333333399168
"EG11554"	1001.50333333
"EG11555"	9.133333333330029
"EG11556"	1649.83666667
"EG11566"	1.8299999999999983
"EG11569"	99.47500000000018
"EG11570"	34.0933333333
"EG11571"	23.3966666667
"EG11572"	35.05
"EG11573"	28.34
"EG11574"	111.876666667
"EG11578"	35.6133333333
"EG11579"	9.230000000000004
"EG11580"	87.27999999969926
"EG11581"	359.57
"EG11585"	551.34
"EG11586"	407.346666667
"EG11587"	425.626666667
"EG11589"	441.78
"EG11590"	495.703333333
"EG11591"	0.0
"EG11592"	242.41333333330013
"EG11594"	8.150000000000004
"EG11600"	52.89
"EG11601"	126.39333333299999
"EG11604"	36.5333333333
"EG11605"	195.676666667
"EG11606"	22.043333333299994
"EG11607"	563.846666667
"EG11611"	8.740000000000002
"EG11612"	218.923333333
"EG11613"	3.516666666669998
"EG11616"	38.3266666667
"EG11619"	81.5766666667
"EG11620"	375.673333333
"EG11628"	470.41999999999996
"EG11635"	2.243333333328793
"EG11636"	19.123333333299765
"EG11637"	26.8133333333
"EG11639"	67.3333333333
"EG11640"	11.5333333333
"EG11643"	9.163333333330002
"EG11644"	10.936666666699955
"EG11645"	10.920000000000002
"EG11647"	292.176666667
"EG11648"	34.6166666667
"EG11649"	29.0633333333
"EG11652"	6.296666666599967
"EG11653"	53.26666666669999
"EG11659"	185.583333333
"EG11662"	5.476666666669999
"EG11663"	982.566666667
"EG11664"	74.6333333333
"EG11665"	55.3033333333
"EG11673"	35.2166666667
"EG11674"	80.8
"EG11678"	1.9033333333333304
"EG11683"	7.149999999999999
"EG11684"	68.0133333333
"EG11687"	1.5266666666699962
"EG11688"	44.14
"EG11689"	16.97
"EG11690"	18.17
"EG11691"	1.0533333333300021
"EG11692"	12.100000000000001
"EG11693"	0.856666666666996
"EG11697"	18.9733333333
"EG11699"	2307.69333333
"EG11704"	0.0
"EG11707"	3.8000000000000007
"EG11708"	4.070000000000007
"EG11709"	2.360000000000007
"EG11710"	1.4700000000000204
"EG11711"	2.9833333333299263
"EG11712"	134.436666667
"EG11713"	32.0466666667
"EG11714"	3.7300000000000004
"EG11719"	20.2266666667
"EG11720"	4.090000000000003
"EG11721"	24.05
"EG11724"	186.873333333
"EG11725"	43.6566666667
"EG11726"	10.160000000000018
"EG11727"	0.0
"EG11734"	134.056666667
"EG11736"	99.4533333333
"EG11738"	249.376666667
"EG11741"	1.3933333333300197
"EG11744"	68.6866666667
"EG11747"	562.763333333
"EG11748"	10.2566666667
"EG11749"	14.253333333299992
"EG11750"	10.226666666699998
"EG11751"	25.709999999999958
"EG11753"	72.82
"EG11754"	17.506666666700028
"EG11761"	41.9566666667
"EG11762"	49.2133333333
"EG11763"	3.2900000000000027
"EG11766"	6.803333333329988
"EG11768"	11.510000000000002
"EG11775"	93.14
"EG11776"	58.1333333333
"EG11777"	1.8566666666700016
"EG11778"	2.8766666666700047
"EG11780"	3.233333333329904
"EG11782"	304.606666667
"EG11783"	77.4133333333
"EG11784"	181.48
"EG11785"	14.309999999999945
"EG11786"	101.03333333299997
"EG11793"	32.53
"EG11794"	65.25
"EG11795"	36.893333333300006
"EG11797"	0.0
"EG11806"	21.113333333300005
"EG11807"	125.42333333300002
"EG11808"	185.44
"EG11809"	119.55333333299996
"EG11810"	0.0
"EG11811"	8.283333333330006
"EG11819"	342.98
"EG11820"	149.13333333329996
"EG11824"	57.71666666669999
"EG11825"	59.0166666667
"EG11827"	9.153333333329996
"EG11830"	145.633333333
"EG11832"	3.156666666669999
"EG11833"	18.163333333299995
"EG11835"	187.04333333299996
"EG11836"	71.49
"EG11837"	797.536666667
"EG11840"	2.269999999999996
"EG11843"	1.3900000000000148
"EG11844"	2.0466666666699975
"EG11849"	27.82999999999972
"EG11854"	0.8333333333337979
"EG11855"	5.826666666670376
"EG11859"	21.97
"EG11860"	2.24333333333
"EG11865"	3.2866666666700013
"EG11866"	0.35166666666640706
"EG11869"	7.630000000000042
"EG11870"	34.2366666667
"EG11873"	94.0433333333
"EG11874"	82.8866666667
"EG11875"	29.9733333333
"EG11878"	745.916666667
"EG11879"	332.5033333333001
"EG11882"	32.5
"EG11887"	101.65333333299998
"EG11888"	23.826666666700003
"EG11891"	18.046666666700006
"EG11892"	23.87
"EG11893"	11.066666666700002
"EG11896"	145.603333333
"EG11902"	10.386666666700002
"EG11903"	2.8833333333300923
"EG11912"	4.863333333330004
"EG11913"	22.9266666667
"EG11914"	106.63
"EG11916"	149.983333333
"EG11917"	64.1366666667
"EG11918"	4.433333333330012
"EG11919"	20.48
"EG11920"	13.28
"EG11921"	100.806666667
"EG11922"	68.8366666667
"EG11923"	19.837777777809972
"EG11927"	1.4699999999999989
"EG11928"	60.4033333333
"EG11929"	58.856666666699994
"EG11932"	58.71
"EG11933"	5.400000000000002
"EG11934"	13.899999999999999
"EG11937"	64.2166666667
"EG11938"	9.026666666669996
"EG11939"	116.90333333299998
"EG11940"	31.6
"EG11941"	0.6533333333329949
"EG11942"	0.0
"EG11951"	65.74000000000001
"EG11955"	1.2866666666700013
"EG11956"	8.413333333330002
"EG11964"	162.796666667
"EG11966"	2.970000000000002
"EG11971"	149.933333333
"EG11986"	162.26
"EG11991"	31.4566666667
"EG11992"	2.3966666666700576
"EG12004"	4.606666666670009
"EG12005"	77.31666666670003
"EG12008"	20.336666666699998
"EG12013"	60.9766666667
"EG12015"	66.43
"EG12016"	11.1733333333
"EG12017"	23.6433333333
"EG12019"	10.21
"EG12020"	1.5500000000000114
"EG12021"	0.0
"EG12022"	13.789999999999997
"EG12026"	245.94999999999996
"EG12027"	16.44
"EG12028"	33.19
"EG12029"	1.5033333333303749
"EG12030"	0.5066666666670017
"EG12031"	1.703333333330022
"EG12032"	4.640000000000015
"EG12034"	3.3066666666699795
"EG12035"	158.413333333
"EG12036"	18.646666666700003
"EG12042"	170.67
"EG12044"	171.123333333
"EG12045"	16.7133333333
"EG12048"	110.373333333
"EG12051"	13.426666666699992
"EG12069"	107.06
"EG12070"	70.0066666667
"EG12073"	11.839999999999975
"EG12094"	21.0166666667
"EG12095"	1654.16333333
"EG12099"	891.556666667
"EG12100"	7.130000000000118
"EG12103"	270.68
"EG12105"	34.47
"EG12108"	14.5766666667
"EG12110"	92.0266666667
"EG12112"	3.1333333333300017
"EG12113"	4.176666666669998
"EG12114"	163.643333333
"EG12116"	54.78
"EG12117"	2075.14
"EG12119"	110.753333333
"EG12121"	0.0
"EG12122"	29.94666666669991
"EG12123"	91.8333333333
"EG12128"	0.0
"EG12133"	53.6966666667
"EG12134"	10.089999999999975
"EG12138"	6.853333333330056
"EG12139"	62.78000000000001
"EG12140"	22.6766666667
"EG12141"	9.139999999999992
"EG12148"	60.5866666667
"EG12152"	3.1933333333299956
"EG12153"	1.58
"EG12154"	3.9533333333300007
"EG12158"	86.93000000000006
"EG12159"	464.026666667
"EG12162"	92.12
"EG12163"	85.50999999999999
"EG12164"	68.3333333333
"EG12166"	13.860000000000014
"EG12171"	4.343333333330001
"EG12176"	101.99999999970002
"EG12177"	133.603333333
"EG12179"	15299.98
"EG12180"	5.50666666667
"EG12181"	465.226666667
"EG12182"	359.30333333370004
"EG12183"	0.0
"EG12189"	0.0
"EG12192"	80.4333333333
"EG12196"	1.3966666666700007
"EG12200"	16.9866666667
"EG12201"	17.9233333333
"EG12202"	36.7066666667
"EG12203"	62.35333333330004
"EG12205"	38.51333333330001
"EG12207"	52.5133333333
"EG12208"	15.893333333300006
"EG12209"	52.9533333333
"EG12211"	38.09
"EG12213"	88.6366666667
"EG12214"	54.19333333329996
"EG12215"	20.4066666667
"EG12216"	84.7166666667
"EG12217"	21.0266666667
"EG12219"	27.7333333333
"EG12220"	9.593333333330001
"EG12221"	60.06333333330008
"EG12225"	2.7666666666700053
"EG12226"	0.6599999999999966
"EG12227"	1.00333333333
"EG12228"	3.803333333330002
"EG12229"	30.8033333333
"EG12230"	97.74
"EG12231"	43.93
"EG12232"	8.84666666667
"EG12234"	65.81
"EG12238"	0.9733333333330165
"EG12242"	29.910000000100005
"EG12243"	0.0
"EG12244"	3.3666666666699996
"EG12245"	28.0
"EG12246"	8.726666666669999
"EG12247"	17.46
"EG12248"	29.77
"EG12249"	580.746666667
"EG12251"	71.7
"EG12252"	524.953333333
"EG12253"	65.18
"EG12254"	51.27000000000001
"EG12256"	17.76
"EG12261"	14.996666666700001
"EG12262"	28.22
"EG12266"	26.8366666667
"EG12267"	19.6866666667
"EG12268"	3.75666666667
"EG12269"	32.04
"EG12271"	25.1566666667
"EG12272"	425.276666667
"EG12273"	209.183333333
"EG12274"	7.653333333330178
"EG12277"	27.5
"EG12278"	67.1266666667
"EG12288"	3.06333333333
"EG12289"	9.799999999999997
"EG12292"	4.0
"EG12293"	0.9633333333330008
"EG12294"	0.0
"EG12295"	25.726666665999943
"EG12301"	29.6933333333
"EG12308"	12.433333333300006
"EG12309"	24.1333333333
"EG12310"	113.086666667
"EG12314"	49.96666666700001
"EG12315"	4.956666666670003
"EG12316"	811.723333333
"EG12318"	57.1066666667
"EG12319"	1986.32
"EG12322"	16.163333333300002
"EG12323"	13.68
"EG12328"	1.2733333333299868
"EG12329"	24.29
"EG12330"	34.8966666667
"EG12331"	23.2133333333
"EG12332"	265.883333333
"EG12335"	6.92999999999995
"EG12336"	299.306666667
"EG12337"	13.843333333299999
"EG12342"	28.6466666667
"EG12343"	267.6
"EG12344"	19.9166666667
"EG12345"	235.09
"EG12352"	294.613333333
"EG12356"	3.966666666670053
"EG12359"	1.1899999999999977
"EG12360"	76.69000000050002
"EG12361"	9.936666666669993
"EG12363"	1.976666666669999
"EG12364"	25.053333333300003
"EG12365"	64.63333333330002
"EG12369"	2.3900000000001
"EG12371"	920.436666667
"EG12372"	18.4233333333
"EG12373"	149.70666666700004
"EG12376"	41.099999999999994
"EG12380"	22.5966666667
"EG12386"	32.2766666667
"EG12391"	322.256666667
"EG12392"	14.8333333333
"EG12394"	189.30666666700003
"EG12396"	25.913333333300002
"EG12399"	2.7733333332999583
"EG12400"	30.7466666667
"EG12401"	115.753333333
"EG12403"	16.49000000000005
"EG12404"	238.62
"EG12405"	14.916666666700003
"EG12409"	4.339999999999947
"EG12410"	73.68
"EG12421"	268.113333333
"EG12422"	138.796666667
"EG12428"	0.0
"EG12433"	101.203333333
"EG12434"	65.20333333370073
"EG12436"	243.036666667
"EG12440"	150.55
"EG12442"	39.53
"EG12444"	25.390000000000015
"EG12445"	8.55
"EG12446"	24.5533333333
"EG12448"	8.42333333333
"EG12454"	71.4633333333
"EG12462"	1.7366666666699757
"EG12469"	7.396666666669968
"EG12475"	2.0566666666700826
"EG12504"	115.81
"EG12522"	3.9700000000000273
"EG12548"	9.63333333333
"EG12563"	4.856666666670008
"EG12587"	53.343333333299995
"EG12591"	45.82
"EG12600"	50.373333333299996
"EG12605"	106.72666666700002
"EG12606"	0.0
"EG12615"	22.98333333330001
"EG12623"	54.6533333333
"EG12624"	116.42999999999995
"EG12629"	2.503333333330044
"EG12630"	76.14666666670004
"EG12631"	0.0
"EG12634"	2.946666666670012
"EG12656"	97.3033333333
"EG12657"	400.693333333
"EG12661"	48.69333333329999
"EG12662"	41.5666666667
"EG12663"	84.7833333333
"EG12688"	360.846666667
"EG12689"	349.92666666699995
"EG12692"	38.6066666667
"EG12694"	6.373333333330038
"EG12697"	115.28666666699996
"EG12702"	3.58666666667
"EG12704"	3.9233333333300497
"EG12705"	26.9166666667
"EG12707"	97.0
"EG12708"	6.230000000000004
"EG12709"	26.54
"EG12712"	743.413333333
"EG12713"	20.16
"EG12717"	147.293333333
"EG12720"	0.6700000000000017
"EG12732"	94.98333333329998
"EG12738"	8.616666666669971
"EG12739"	146.036666667
"EG12760"	0.9033333333329949
"EG12780"	119.49
"EG12794"	675.363333333
"EG12843"	88.8133333333
"EG12845"	5.2622222222333574
"EG12850"	8.94
"EG12851"	104.586666667
"EG12855"	50.3066666667
"EG12857"	286.923333333
"EG12859"	85.72
"EG12860"	47.6566666667
"EG12861"	69.51999999999998
"EG12865"	38.323333333299956
"EG12867"	51.06333333330001
"EG12868"	180.046666667
"EG12874"	12.11999999999989
"EG12875"	149.053333333
"EG12876"	70.76
"EG12878"	331.793333333
"EG12881"	7.74666666667
"EG12882"	99.0233333333
"EG12883"	1.6466666666700007
"EG12957"	55.29666666669999
"EG13139"	4.233333333329995
"EG13159"	4.3133333333370025
"EG13161"	12.966666666700007
"EG13217"	9.023333333330001
"EG13236"	6.766666666663044
"EG13270"	10.2133333333
"EG20044"	36.6666666667
"EG20098"	216.186666667
"EG20173"	0.0
"EG20249"	42.406666666700005
"EG20253"	19.661111111079997
"EG50003"	11807.26571425528
"EG50004"	4922.39333333
"EG50005"	237.90666666699997
"EG50008"	94.4333333333
"EG30027"	0.0
"G0-10261"	1.09666666667
"G0-10431"	8.206666666670003
"G0-10436"	57.66
"G0-10438"	25.3766666667
"G0-10440"	3.57666666667
"G0-10443"	66.9933333333
"G0-10444"	1.1
"G0-10449"	0.9133333333329574
"G0-10450"	53.416666666699996
"G0-10453"	9.75
"G0-10454"	69.46
"G0-10455"	0.0
"G0-10456"	8.93666666667
"G0-10458"	1.4933333333299998
"G0-10459"	40.49
"G0-10461"	1.6833333333300002
"G0-10465"	78.39
"G0-10467"	10.71
"G0-10468"	273.93
"G0-10469"	8.556666666669997
"G0-10470"	709.906666667
"G0-10474"	1606.72333333
"G0-10475"	272.62
"G0-10511"	39.2466666667
"G0-10528"	8.573333333330002
"G0-10529"	8.573333333329998
"G0-10530"	8.573333333329998
"G0-10531"	8.573333333329998
"G0-10538"	11.8466666667
"G0-10539"	27.9633333333
"G0-10540"	27.9633333333
"G0-10542"	22.8933333333
"G0-10543"	22.893333333299992
"G0-10544"	22.8933333333
"G0-10545"	22.8933333333
"G0-10546"	22.8933333333
"G0-10550"	0.136666666667452
"G0-10554"	2.3799999999999955
"G0-10555"	1.5900000000000034
"G0-10556"	18.4466666667
"G0-10557"	9.44666666667
"G0-10558"	31.063333333299994
"G0-10559"	0.0
"G0-10583"	0.42333333333297674
"G0-10584"	0.0
"G0-10585"	1.406666666669643
"G0-10586"	0.7700000000000031
"G0-10589"	1.8366666666699984
"G0-10590"	12.02
"G0-10593"	0.0
"G0-10594"	0.0
"G0-10595"	5.30666666667
"G0-10596"	0.0
"G0-10601"	2.6733333333299925
"G0-10603"	0.0
"G0-10605"	0.643333333333004
"G0-10606"	8.77
"G0-10607"	0.0
"G0-10608"	0.1599999999999966
"G0-10616"	0.0
"G0-10617"	0.0
"G0-10624"	4.52333333333
"G0-10629"	0.0
"G0-10630"	0.0
"G0-10631"	5.68434188608081e-13
"G0-10632"	0.0
"G0-10633"	0.0
"G0-10634"	0.0
"G0-10642"	0.0
"G0-10643"	0.0
"G0-10644"	0.0
"G0-10646"	0.0
"G0-10647"	0.0
"G0-10648"	0.0
"G0-10649"	194.266666667
"G0-10650"	0.0
"G0-10652"	0.0
"G0-10653"	0.0
"G0-10654"	0.0
"G0-10655"	0.0
"G0-10656"	0.0
"G0-10657"	130.213333333
"G0-10707"	5.684341886080802e-14
"G0-10715"	0.0
"G0-10716"	0.0
"G0-8887"	0.0
"G0-8888"	0.0
"G0-8891"	220.74000000000007
"G0-8892"	0.0
"G0-9041"	10.4933333333
"G0-9541"	19.09666666669999
"G0-9561"	89.67333333330001
"G0-9562"	264.6700000000001
"G0-9582"	4.09333333333
"G0-9602"	65.3233333333
"G0-9605"	0.0
"G0-9607"	65.3233333333
"G0-9610"	46.59
"G0-9613"	1.09333333333
"G0-9621"	26.5366666667
"G0-9662"	399.3366666670001
"G0-9962"	0.0
"G0-9981"	0.0
"G1"	1666.25
"G36"	4.446666666669998
"G495"	93.93
"G58"	52.49333333330014
"G592"	17.150000000000006
"G6081"	88.9033333333
"G6082"	2.799999999999997
"G6083"	47.02
"G6087"	7.103333333329999
"G6088"	28.3066666667
"G6093"	309.0333333334666
"G6094"	19.576666666699992
"G6095"	34.44999999999999
"G6096"	38.2966666667
"G6099"	88.32
"G6100"	49.99000000000001
"G6101"	3.7199999999999998
"G6102"	0.7399999999999984
"G6103"	30.0066666667
"G6104"	184.59999999999997
"G6105"	22.52
"G6106"	218.493333333
"G6107"	114.333333333
"G6108"	196.91
"G6111"	4.25
"G6112"	17.77
"G6113"	2.5566666666699973
"G6114"	1.6299999999999955
"G6127"	0.0
"G6129"	10.306666666699996
"G6132"	33.8233333333
"G6133"	17.3966666667
"G6134"	233.15
"G6144"	57.7466666667
"G6146"	14.1833333333
"G6147"	11.9766666667
"G6148"	14.1633333333
"G6151"	261.593333333
"G6152"	66.5
"G6153"	10.4833333333
"G6158"	350.863333333
"G6159"	25.88
"G6164"	26.9233333333
"G6165"	1.4499999999999997
"G6166"	18.049999999999997
"G6170"	13.3066666667
"G6175"	4.47
"G6180"	1.4299999999999997
"G6181"	15.566666666700002
"G6182"	0.9833333333330074
"G6184"	0.0
"G6190"	78.42333333329998
"G6191"	0.7266666666670005
"G6192"	2.5399999999999636
"G6193"	2.123333333330038
"G6194"	526.983333333
"G6195"	4.016666666670005
"G6206"	4.84666666667
"G6207"	49.37666666669999
"G6210"	4.266666666669998
"G6211"	0.92
"G6214"	5.9033333333300035
"G6215"	4.706666666670003
"G6216"	1.3700000000000045
"G6222"	12.8266666667
"G6224"	32.106666666699994
"G6225"	12.0833333333
"G6226"	1.19333333333
"G6228"	11.3133333333
"G6229"	21.23
"G6230"	39.83
"G6231"	20.176666666700015
"G6236"	0.0
"G6238"	88.4666666667
"G6240"	685.363333333
"G6241"	18.4766666667
"G6242"	241.7
"G6243"	15.053333333300003
"G6244"	9.299999999999997
"G6245"	58.82
"G6246"	22.26
"G6247"	26.666666666699996
"G6250"	119.94000000000005
"G6251"	65.6333333333
"G6252"	18.25
"G6253"	77.7233333333
"G6255"	42.5
"G6256"	28.7866666667
"G6258"	46.67
"G6259"	186.60333333299997
"G6260"	104.14
"G6263"	66.3266666667
"G6268"	226.23333333299996
"G6273"	23.5133333333
"G6274"	1.8333333333300033
"G6275"	4.563333333329979
"G6276"	161.473333333
"G6281"	1.2766666666668072
"G6283"	0.560000000000236
"G6290"	0.6166666666670002
"G6295"	7.386666666669996
"G6296"	32.106666666699994
"G6298"	55.02
"G6300"	1.2366666666700041
"G6307"	2.1466666666700007
"G6308"	233.15
"G6312"	331.216666667
"G6313"	0.24333333333299834
"G6314"	5.45666666667
"G6315"	2.573333333329998
"G6316"	5.969999999999999
"G6317"	8.18
"G6323"	31.8033333333
"G6324"	35.7933333333
"G6325"	44.82
"G6326"	19.5766666667
"G6327"	47.02
"G6329"	27.613333333300005
"G6330"	14.806666666700039
"G6331"	3.29666666667
"G6332"	2.6
"G6333"	62.0833333333
"G6334"	71.1966666667
"G6335"	9.163333333330002
"G6337"	86.78
"G6338"	3.02333333333
"G6347"	3.37
"G6348"	15.2566666667
"G6351"	7.63666666667
"G6354"	0.5066666666670017
"G6357"	2.8999999999999986
"G6358"	33.23
"G6359"	383.496666667
"G6360"	233.15
"G6364"	92.3566666667
"G6365"	56.89
"G6371"	10.956666666669962
"G6374"	7.973333333330004
"G6377"	0.7133333333330256
"G6378"	10.45
"G6383"	0.0
"G6384"	12.830000000000002
"G6393"	44.90666666669999
"G6394"	25.1733333333
"G6396"	741.29
"G6397"	151.1
"G6398"	3.51666666667
"G6399"	0.4833333333330003
"G6400"	0.766666666667
"G6401"	4.28666666667
"G6402"	49.8666666667
"G6403"	151.063333333
"G6404"	5.416666666669997
"G6408"	34.0666666667
"G6413"	436.043333333
"G6414"	1548.89
"G6415"	17.6066666667
"G6416"	52.89
"G6417"	9.043333333329997
"G6418"	13.566666666700002
"G6422"	289.48
"G6423"	150.756666667
"G6424"	20.710000000000008
"G6425"	67.17333333329998
"G6428"	10.6966666667
"G6435"	67.7566666667
"G6436"	22.2266666667
"G6437"	7.91333333333
"G6438"	176.603333333
"G6439"	48.12
"G6440"	14.586666666699998
"G6441"	51.78333333329999
"G6444"	12.28
"G6445"	38.4266666667
"G6446"	11.253333333299992
"G6447"	92.50777777776663
"G6450"	156.29
"G6453"	58.69
"G6458"	44.1966666667
"G6459"	40.0466666667
"G6460"	189.08999999999997
"G6462"	0.0
"G6463"	311.843333333
"G6464"	113.693333333
"G6466"	3.08666666667
"G6467"	9.826666666670008
"G6468"	88.30000000000001
"G6469"	17.4033333333
"G6470"	13.026666666699999
"G6473"	14.706666666699988
"G6480"	4.31333333333
"G6486"	63.78333333329999
"G6487"	99.3633333333
"G6492"	29.608333333300024
"G6493"	90.86
"G6494"	28.2533333333
"G6497"	271.303333333
"G6498"	10.263333333300011
"G6499"	97.05999999999995
"G6500"	245.01999999999998
"G6501"	64.5966666667
"G6502"	38.6333333333
"G6508"	11.693333333300004
"G6510"	6.25666666667
"G6511"	44.76999999999998
"G6513"	2.5866666666699984
"G6514"	5.42333333333
"G6515"	5.876666666669999
"G6525"	918.443333333
"G6532"	7.86
"G6534"	32.106666666699994
"G6539"	123.76333333300045
"G6542"	62.3966666667
"G6548"	2.6266666666700123
"G6549"	134.36333333300007
"G6550"	0.0
"G6551"	0.0
"G6552"	21.01
"G6557"	42.65
"G6558"	142.06999999999994
"G6559"	5.579999999999984
"G6560"	46.5866666667
"G6561"	30.82
"G6563"	230.803333333
"G6569"	159.74666666700003
"G6570"	40.3933333333
"G6571"	20.326666666699992
"G6572"	3.41333333333
"G6587"	240.623333333
"G6588"	37.5466666667
"G6589"	110.73333333300002
"G6600"	2.446666666669998
"G6601"	7.82
"G6602"	123.096666667
"G6603"	68.10333333329999
"G6604"	16.336666666629995
"G6606"	0.0
"G6607"	0.0
"G6608"	2.710000000000008
"G6609"	5.763333333330024
"G6610"	8.10333333333
"G6613"	3.46
"G6614"	55.9733333333
"G6615"	133.82
"G6616"	314.036666667
"G6617"	75.47999999999999
"G6618"	69.4066666667
"G6619"	1.920000000000016
"G6620"	43.9266666667
"G6621"	51.1433333333
"G6622"	158.61
"G6623"	1035.2
"G6624"	21.8766666667
"G6625"	3.56333333333
"G6628"	17.146666666699986
"G6629"	7.94333333333
"G6631"	0.0
"G6632"	5.183333333330001
"G6638"	0.0
"G6639"	26.8166666667
"G6640"	108.963333333
"G6641"	11.4433333333
"G6642"	92.0466666667
"G6643"	16.239999999999995
"G6644"	98.2266666667
"G6657"	0.0
"G6658"	13.4233333333
"G6660"	3016.79333333
"G6661"	36.3466666667
"G6662"	36.266666666699884
"G6663"	6.336666666669826
"G6664"	25.223333333300005
"G6665"	32.71
"G6666"	18.83666666670001
"G6667"	233.15
"G6668"	651.47
"G6671"	12.779999999999973
"G6672"	30.88
"G6673"	41.6733333333
"G6674"	34.6766666667
"G6675"	83.5533333333
"G6680"	248.07333333300002
"G6693"	12.89
"G6694"	0.0
"G6697"	8.786666666669987
"G6698"	15.0966666667
"G6699"	118.05999999999995
"G6700"	0.0
"G6701"	42.18333333329989
"G6702"	72.82
"G6706"	13.46
"G6708"	0.9866666666670199
"G6718"	7.191666666633009
"G6722"	6.3700000000000045
"G6724"	9.509999999999991
"G6725"	27.04
"G6731"	55.5533333333
"G6732"	45.6833333333
"G6736"	68.6533333333
"G6737"	163.636666667
"G6738"	6.86333333332999
"G6741"	19.016666666699997
"G6742"	132.043333333
"G6743"	67.54
"G6744"	7.090000000000003
"G6745"	17.156666666700005
"G6746"	56.3
"G6747"	4.480000000000004
"G6750"	31.293333333299998
"G6755"	4.546666666664957
"G6756"	41.2733333333
"G6757"	281.766666667
"G6760"	19.413333333300002
"G6761"	13.403333333299997
"G6762"	23.4266666667
"G6763"	1996.78
"G6764"	8.503333333330005
"G6765"	9.166666666670011
"G6766"	0.6433333333330005
"G6767"	1.4666666666699992
"G6768"	0.0
"G6769"	6.026666666669996
"G6770"	13.3666666667
"G6774"	62.6533333333
"G6775"	50.97333333329999
"G6785"	31.116666666700006
"G6786"	0.0
"G6787"	0.0
"G6788"	6.560000000000004
"G6789"	1.3466666666699916
"G6791"	4.780000000000001
"G6792"	0.9966666666670108
"G6796"	4.34
"G6797"	7.359999999999999
"G6798"	0.0
"G6806"	18.675000000026664
"G6807"	33.0233333333
"G6808"	6.843333333329994
"G6811"	22.0866666667
"G6812"	17.980000000000004
"G6813"	1.5133333333300243
"G6814"	89.98333333329998
"G6815"	34.0066666667
"G6816"	4.59
"G6817"	2.333333333329989
"G6818"	8.19666666667
"G6819"	4.67
"G6823"	912.03
"G6824"	0.0
"G6825"	1.87333333333
"G6832"	32.0933333333
"G6833"	753.856666667
"G6840"	17.3666666667
"G6843"	52.0066666667
"G6844"	68.1033333333
"G6850"	5.7099999999999795
"G6851"	0.0
"G6852"	28.25666666670001
"G6853"	10.03
"G6854"	32.01
"G6855"	23.2566666667
"G6856"	50.7733333333
"G6859"	8.453333333329965
"G6860"	249.526666667
"G6863"	41.5
"G6865"	223.85
"G6867"	42.4233333333
"G6868"	144.986666667
"G6869"	30.8666666667
"G6877"	10.4633333333
"G6878"	177.253333333
"G6879"	0.0
"G6880"	35.620000000000005
"G6881"	1326.91333333
"G6882"	296.73
"G6886"	64.0033333332999
"G6887"	66.56
"G6888"	48.9266666667
"G6889"	0.0
"G6890"	19.61666666669994
"G6891"	350.4566666670001
"G6892"	71.1966666667
"G6893"	15.5166666667
"G6894"	69.07
"G6895"	831.31
"G6896"	23.516666666699997
"G6903"	102.086666667
"G6904"	82.8133333333
"G6914"	43.25333333330002
"G6915"	1.226666666669999
"G6916"	0.9133333333329574
"G6919"	10.6066666667
"G6924"	111.55
"G6925"	28.486666666699996
"G6926"	2.74333333333
"G6927"	0.8699999999999974
"G6928"	88.25
"G6929"	121.123333333
"G6930"	44.0666666667
"G6931"	54.2366666667
"G6932"	108.6
"G6933"	5.2
"G6934"	511.606666667
"G6935"	19.240000000000002
"G6936"	17.5066666667
"G6937"	34.4466666667
"G6938"	104.25
"G6939"	26.373333333299996
"G6952"	15.540000000000006
"G6953"	15.253333333299992
"G6954"	148.416666667
"G6955"	193.826666667
"G6956"	30.0966666667
"G6957"	19.516666666699997
"G6964"	164.18
"G6966"	0.0
"G6967"	28.403333333299997
"G6968"	463.073333333
"G6971"	0.7666666666669997
"G6972"	10.4566666667
"G6973"	143.093333333
"G6974"	0.0
"G6975"	21.893333333299978
"G6976"	17.1033333333
"G6977"	7.89
"G6978"	68.0833333333
"G6979"	86.78999999999996
"G6980"	150.17
"G6981"	237.42333333299996
"G6984"	5.29666666667
"G6985"	27.69
"G6986"	12.2233333333
"G6989"	3.7566666666699575
"G6990"	0.0
"G6992"	31.42
"G6993"	247.516666667
"G6994"	47.2966666667
"G6995"	142.36
"G6996"	5.009999999999991
"G6997"	51.2433333333
"G6998"	27.766666666699997
"G6999"	3.7233333333300003
"G7001"	100.946666667
"G7002"	259.263333333
"G7003"	100.88999999999999
"G7004"	4.560000000000002
"G7005"	446.42666666700006
"G7008"	27.583333333300004
"G7009"	242.643333333
"G7010"	42.61
"G7011"	15.753333333299999
"G7017"	81.5566666667
"G7026"	16.126666666700004
"G7030"	15.659999999999997
"G7031"	18.2166666667
"G7033"	37.76333333330001
"G7035"	190.983333333
"G7036"	9.51
"G7039"	0.0
"G7040"	21.3866666667
"G7041"	0.8400000000000034
"G7042"	5.863333333329999
"G7043"	13.5566666667
"G7044"	180.486666667
"G7045"	80.0533333333
"G7046"	41.51
"G7048"	36.0233333333
"G7049"	20.346666666700003
"G7050"	48.06999999999999
"G7052"	4.900000000000091
"G7053"	6.75666666667
"G7054"	20.0033333333
"G7055"	103.89666666700002
"G7058"	10.41
"G7061"	9.823333333329998
"G7062"	5.653333333330011
"G7063"	69.51
"G7064"	8.900000000000006
"G7065"	1.2766666666699962
"G7066"	2.3733333333300095
"G7067"	206.683333333
"G7068"	215.82
"G7070"	5.716666666669994
"G7071"	55.0233333333
"G7072"	14.1
"G7073"	51.83666666670001
"G7074"	15.366666666699999
"G7075"	18.06
"G7077"	9.510000000000005
"G7078"	25.633333333300016
"G7079"	3.72333333333
"G7080"	29.5666666667
"G7087"	1803.21666667
"G7088"	16.2866666667
"G7089"	126.99000000000001
"G7090"	416.51
"G7091"	23.3466666667
"G7092"	233.15
"G7093"	496.24333333299995
"G7108"	27.3066666667
"G7109"	4.62666666667
"G7110"	2.5
"G7117"	141.46
"G7118"	74.4933333333
"G7119"	53.88
"G7123"	20.426666666700015
"G7125"	32.106666666699994
"G7129"	134.26
"G7133"	21.20333333330001
"G7134"	23.8266666667
"G7137"	37.4466666667
"G7139"	112.93666666670003
"G7146"	5.739999999999924
"G7147"	671.993333333
"G7148"	32.1466666667
"G7150"	233.15000000000003
"G7154"	7.389999999999986
"G7162"	60.29000000000002
"G7163"	13.019999999999996
"G7164"	12.54000000000002
"G7165"	2.139999999999999
"G7172"	74.35
"G7173"	456.846666667
"G7174"	60.35333333330004
"G7175"	33.74000000000001
"G7176"	3.19333333333
"G7177"	3.7766666666699997
"G7178"	0.8699999999999974
"G7179"	1.7200000000000273
"G7180"	0.5900000000000034
"G7181"	5.13333333333
"G7182"	7.2999999999999545
"G7184"	102.90333333330051
"G7185"	0.0
"G7186"	10.823333333299999
"G7189"	67.6833333333
"G7190"	2.219999999999999
"G7191"	171.9
"G7192"	128.126666667
"G7193"	42.51999999999998
"G7194"	14.486666666699875
"G7197"	10.193333333300004
"G7198"	11.096666666699996
"G7199"	21.6433333333
"G7202"	64.1633333333
"G7208"	1.946666666670012
"G7210"	0.4733333333329881
"G7211"	256.286666667
"G7214"	50.14
"G7215"	3.54333333333
"G7216"	127.14666666699998
"G7217"	13.23333333330001
"G7218"	26.08
"G7222"	14.9066666667
"G7234"	0.2500000000052133
"G7235"	0.0
"G7236"	0.21333333333518456
"G7237"	0.006666666665257993
"G7239"	6.513333333329999
"G7240"	8.38333333333
"G7241"	29.5733333333
"G7242"	50.093333333299995
"G7251"	18.1533333333
"G7252"	145.766666667
"G7254"	311.36
"G7255"	47.019999999999996
"G7256"	3.946666666669998
"G7257"	14.869999999999997
"G7258"	246.53
"G7259"	114.5
"G7262"	6.876666666669962
"G7272"	62.50333333330002
"G7273"	33.0233333333
"G7280"	58.57333333330001
"G7293"	100.973333333
"G7295"	7.443333333329974
"G7296"	31.3
"G7310"	29.7766666667
"G7313"	108.986666667
"G7314"	4.093333333330008
"G7315"	576.41
"G7318"	54.7733333333
"G7321"	222.273333333
"G7327"	164.14
"G7328"	3.26
"G7329"	9.996666666670002
"G7330"	13.340000000000003
"G7331"	37.83666666670001
"G7337"	21.5233333333
"G7343"	2.013333333329996
"G7344"	13.350000000000001
"G7345"	25.8233333333
"G7346"	47.0666666667
"G7350"	0.0
"G7352"	663.02
"G7355"	77.3566666667
"G7359"	12.310000000000002
"G7360"	2.70333333333
"G7361"	1.9733333333300038
"G7364"	7.73
"G7365"	42.32666666700002
"G7366"	0.0
"G7373"	25.35
"G7374"	27.210000000000008
"G7375"	3.6899999999999995
"G7376"	4.573333333329998
"G7377"	12.2866666667
"G7382"	7.269999999999996
"G7383"	11.3833333333
"G7384"	0.5233333333329995
"G7385"	0.05333333333329904
"G7389"	0.34666666666697665
"G7391"	0.3466666666670051
"G7392"	1.0700000000000003
"G7393"	0.6133333333330029
"G7395"	104.406666667
"G7396"	0.0
"G7399"	4.410000000000004
"G7400"	114.63
"G7403"	5.656666666669999
"G7404"	7.260000000000005
"G7409"	52.496666666700094
"G7410"	30.6333333333
"G7415"	4.216666666670001
"G7416"	28.99333333330003
"G7418"	3.846666666669992
"G7421"	4.63333333333
"G7422"	127.89666666699998
"G7424"	103.973333333
"G7431"	49.8533333333
"G7437"	0.7900000000000063
"G7439"	2.66333333333
"G7440"	0.46999999999999886
"G7443"	20.3133333333
"G7444"	1.6066666666699945
"G7451"	113.973333333
"G7452"	82.3533333333
"G7453"	109.286666667
"G7456"	45.1
"G7457"	43.01
"G7458"	58.64333333329998
"G7460"	48.650000000000006
"G7461"	168.543333333
"G7462"	187.89
"G7463"	6.606666666670002
"G7464"	41.40999999999997
"G7465"	5.046666666670035
"G7466"	2.8333333333299997
"G7469"	0.2133333333329972
"G7470"	0.1333333333329989
"G7471"	0.36333333333299933
"G7472"	1.2199999999999989
"G7473"	2.539999999999992
"G7474"	0.0799999999999983
"G7477"	0.5166666666669926
"G7478"	1.1833333333300002
"G7479"	5.7
"G7481"	9.509999999999991
"G7482"	9.46666666667
"G7483"	10.8866666667
"G7484"	75.8133333333
"G7488"	7.5
"G7489"	1.14666666667
"G7490"	4.31333333333
"G7491"	3.57
"G7492"	3.07666666667
"G7493"	7.426666666669998
"G7494"	5.3366666666699984
"G7495"	1.57666666667
"G7496"	9.13
"G7498"	0.0
"G7507"	0.8766666666670062
"G7508"	23.0366666667
"G7511"	218.363333333
"G7512"	159.846666667
"G7513"	119.53666666700002
"G7514"	10.2433333333
"G7515"	7.529999999999973
"G7518"	11.0866666667
"G7521"	71.82
"G7522"	1138.08
"G7523"	1.2000000000000028
"G7526"	3.04333333333
"G7532"	120.30666666659991
"G7534"	6.829999999999984
"G7537"	4.44
"G7538"	13.599999999999994
"G7539"	13.27
"G7541"	13.340000000000003
"G7546"	44.7533333333
"G7547"	5.039999999999999
"G7548"	233.15
"G7549"	3.75
"G7552"	0.9733333333330005
"G7553"	111.02
"G7555"	6.10333333333
"G7556"	9.34666666667
"G7557"	10.710000000000008
"G7558"	16.4733333333
"G7559"	246.123333333
"G7563"	19.6433333333
"G7565"	28.283333333300014
"G7566"	4.46333333333
"G7567"	11.433333333300002
"G7568"	54.42666666669999
"G7570"	20.973333333300005
"G7571"	0.0
"G7573"	8.92666666667
"G7574"	17.5333333333
"G7577"	1.2399999999999949
"G7582"	531.446666667
"G7583"	9.51
"G7585"	3.35666666667
"G7586"	3.03333333333
"G7587"	5.079999999999998
"G7590"	49.139999999999986
"G7593"	172.31
"G7594"	39.1433333333
"G7595"	73.07
"G7596"	108.956666667
"G7597"	8.079999999999998
"G7603"	22.3166666667
"G7604"	17.896666666700014
"G7605"	2.1733333333299996
"G7606"	46.4033333333
"G7607"	9.12
"G7608"	9.24666666667
"G7615"	9.590000000000003
"G7616"	32.8066666667
"G7617"	55.789999999999964
"G7618"	6.80666666667
"G7619"	42.8466666667
"G7630"	50.05
"G7637"	8.486666666670004
"G7641"	53.6666666667
"G7642"	117.943333333
"G7643"	183.773333333
"G7644"	167.22
"G7645"	29.920000000000016
"G7646"	8.439999999999998
"G7647"	8.529999999999973
"G7648"	24.510000000000005
"G7649"	19.903333333300004
"G7654"	41.06999999999999
"G7655"	3.63
"G7657"	120.89333333399988
"G7667"	447.726666667
"G7669"	2.6733333333299925
"G7672"	233.15
"G7673"	32.6233333333
"G7674"	5.6266666666699905
"G7678"	89.9366666667
"G7679"	5.47666666667
"G7680"	53.86
"G7681"	502.733333333
"G7682"	0.0
"G7683"	32.5133333333
"G7684"	28.92333333329998
"G7688"	54.823333333299985
"G7689"	107.093333333
"G7690"	32.11
"G7694"	12.466666666700007
"G7695"	18.79000000000002
"G7696"	175.98999999999998
"G7716"	432.62
"G7721"	43.0733333333
"G7722"	4.936666666670007
"G7727"	40.079166666629995
"G7740"	151.726666667
"G7741"	43.4
"G7744"	74.1166666667
"G7745"	12.2633333333
"G7746"	109.97
"G7748"	673.9400000000003
"G7752"	191.376666667
"G7753"	16.019999999999996
"G7756"	21.2366666667
"G7757"	84.45999999999998
"G7758"	15.823333333299999
"G7759"	0.5333333333329904
"G7760"	0.5633333333329915
"G7761"	15.66
"G7763"	6.453333333329994
"G7767"	282.266666667
"G7769"	233.15
"G7776"	1.4533333333299998
"G7777"	0.04999999999999716
"G7797"	73.5633333333
"G7798"	28.3366666667
"G7802"	34.6033333333
"G7804"	140.113333333
"G7814"	1.17
"G7816"	63.5233333333
"G7822"	5.246666666669995
"G7825"	18.3466666667
"G7826"	14.710000000000086
"G7832"	34.47999999999999
"G7833"	33.81
"G7834"	434.83666666700003
"G7835"	15.233333333299996
"G7836"	82.9066666667
"G7837"	32.3233333333
"G7841"	160.013333333
"G7842"	93.98666666670002
"G7843"	41.9366666667
"G7844"	25.2866666667
"G7851"	8.566666666670002
"G7852"	16.8733333333
"G7853"	33.9466666667
"G7854"	29.87
"G7855"	3.69666666667
"G7861"	7.286666666670044
"G7862"	11.066666666700002
"G7863"	17.9166666667
"G7864"	137.943333333
"G7865"	262.646666667
"G7866"	6.9966666666700235
"G7867"	11.43
"G7868"	17.05
"G7869"	13.86
"G7870"	1.8
"G7871"	10.6133333333
"G7872"	63.6766666667
"G7873"	31.8066666667
"G7877"	1589.21333333
"G7879"	20.41
"G7880"	9.23666666667
"G7882"	38.39
"G7883"	117.106666667
"G7884"	5.56333333333
"G7885"	592.13
"G7886"	59.11
"G7887"	1.81333333333
"G7890"	20.460000000000036
"G7891"	29.126666666666644
"G7894"	9.51
"G7896"	14.39
"G7897"	42.3733333333
"G7898"	8.356666666669994
"G7899"	1.3533333333299993
"G7900"	29.7066666667
"G7901"	10.259999999999568
"G7902"	10.6033333333
"G7903"	6.946666666670012
"G7904"	35.2133333333
"G7905"	27.04
"G7906"	5.523333333329987
"G7907"	9.486666666670004
"G7908"	93.6033333333
"G7909"	74.12
"G7916"	5.276666666669996
"G7918"	2.3599999999999994
"G7919"	0.0
"G7921"	0.0
"G7922"	0.423333333333
"G7923"	5.92333333333
"G7924"	27.1933333333
"G7928"	20.80000000000001
"G7929"	9.39333333333
"G7930"	10.399999999999999
"G7934"	3.683333333330012
"G7935"	27.27
"G7936"	21.1066666667
"G7937"	2.263333333330003
"G7938"	40.6
"G7940"	9.103333333329996
"G7942"	4.236666666670004
"G7944"	6.15333333333
"G7945"	1.77333333333
"G7946"	10.899999999999977
"G7949"	2097.23
"G7950"	68.0433333333
"G7953"	3.43333333333
"G7954"	175.91999999999996
"G7961"	12.61
"G812"	0.0
"G8202"	2.96666666667
"G8204"	26.589999999999975
"G8205"	479.233333333
"G8207"	0.2733333333330279
"G8209"	0.5766666666669948
"G0-8867"	0.0
"G0-8899"	0.0
"G0-8904"	0.0
"G0-8905"	0.0
"G0-8908"	0.0
"G0-8914"	0.0
"EG30063"	0.0
"EG31116"	0.0
"G0-9042"	0.0
"G0-9381"	0.0
"G0-9382"	0.0
"G0-9383"	0.0
"G0-9384"	0.0
"G0-9385"	0.0
"G0-9387"	0.0
"G0-9388"	0.0
"G0-9581"	0.0
"G0-9603"	0.0
"G0-9606"	0.0
"G0-9608"	0.0
"G0-9609"	0.0
"G0-9611"	0.0
"G0-9941"	0.0
"G0-10201"	0.0
"G0-10202"	0.0
"G6389"	0.0
"G6390"	0.0
"G6391"	0.0
"G6392"	0.0
"G7069"	0.0
"G7387"	0.0
"EG30060"	0.0
"G0-10574"	0.0
"G0-10592"	0.0
"G0-10598"	0.0
"G0-10600"	0.0
"G0-10602"	0.0
"G0-10609"	0.0
"G0-10610"	0.0
"G0-10671"	0.0
"G0-10677"	0.0
"G0-10694"	0.0
"G0-10695"	0.0
"G0-10696"	0.0
"G0-10697"	0.0
"G0-10698"	0.0
"G0-10699"	0.0
"G0-10700"	0.0
"G0-10701"	0.0
"G0-10702"	0.0
"G0-10703"	0.0
"G0-10704"	0.0
"G0-10705"	0.0
"G0-10706"	0.0
"G0-10737"	0.0
"G0-10738"	0.0
"G0-10751"	0.0
"G0-10752"	0.0
"EG30069"	0.0
"G0-8863"	0.0
"EG30070"	0.0
"EG30071"	0.0
"EG30072"	0.0
"EG30073"	0.0
"EG30074"	0.0
"EG30091"	0.0
"EG30075"	0.0
"EG30076"	0.0
"EG30077"	0.0
"EG30078"	0.0
"EG30079"	0.0
"EG30080"	0.0
"EG30081"	0.0
"EG30082"	0.0
"EG30083"	0.0
"EG30084"	0.0
"EG30085"	0.0
"EG30086"	0.0
"EG30087"	0.0
"EG30088"	0.0
"EG30089"	0.0
"EG30090"	0.0
"G0-8881"	0.0
"G0-8880"	0.0
"G0-8876"	0.0
"G0-8865"	0.0
"G0-8883"	0.0
"G0-8884"	0.0
"G0-8885"	0.0
"G0-8878"	0.0
"G0-8879"	0.0
"G0-8882"	0.0
"G0-8886"	0.0
"EG30098"	0.0
"G0-8861"	0.0
"G0-8862"	0.0
"G0-8866"	0.0
"G0-8868"	0.0
"G0-8870"	0.0
"G0-8871"	0.0
"G0-8872"	0.0
"G0-8873"	0.0
"G0-8875"	0.0
"EG30100"	0.0
"G0-8895"	0.0
"G0-8910"	0.0
"G0-8901"	0.0
"G0-8894"	0.0
"G0-8893"	0.0
"G0-8906"	0.0
"EG30008"	0.0
"EG30009"	0.0
"EG30010"	0.0
"EG30011"	0.0
"EG30012"	0.0
"EG30013"	0.0
"EG30014"	0.0
"EG30015"	0.0
"EG30016"	0.0
"EG30017"	0.0
"EG30018"	0.0
"EG30019"	0.0
"EG30020"	0.0
"EG30021"	0.0
"EG30022"	0.0
"EG30023"	0.0
"EG30024"	0.0
"EG30025"	0.0
"G7991"	0.0
"EG30028"	0.0
"EG30029"	0.0
"EG30030"	0.0
"EG30031"	0.0
"EG30032"	0.0
"EG30033"	0.0
"EG30034"	0.0
"EG30035"	0.0
"EG30036"	0.0
"EG30037"	0.0
"EG30038"	0.0
"EG30039"	0.0
"EG30040"	0.0
"EG30041"	0.0
"EG30042"	0.0
"EG30043"	0.0
"EG30044"	0.0
"EG30045"	0.0
"EG30046"	0.0
"EG30047"	0.0
"EG30048"	0.0
"EG30049"	0.0
"EG30050"	0.0
"EG30051"	0.0
"EG30052"	0.0
"EG30053"	0.0
"EG30054"	0.0
"EG30055"	0.0
"EG30056"	0.0
"EG30057"	0.0
"EG30058"	0.0
"EG30059"	0.0
"EG31117"	0.0
"EG30061"	0.0
"EG30062"	0.0
"EG30064"	0.0
"EG30065"	0.0
"EG30066"	0.0
"EG30067"	0.0
"EG30068"	0.0
"EG30092"	0.0
"EG30093"	0.0
"EG30094"	0.0
"EG30095"	0.0
"EG30096"	0.0
"EG30097"	0.0
"EG30101"	0.0
"EG30102"	0.0
"EG30103"	0.0
"EG30104"	0.0
"EG30105"	0.0
"EG30106"	0.0
"EG30107"	0.0
"EG30108"	0.0
"EG30109"	0.0
"EG30110"	0.0
"EG30111"	0.0
"EG30112"	0.0
"EG30113"	0.0
"EG30114"	0.0
"G7260_G7261"	29.634999999999994
"G7311_G7312"	302.1816666666499
"G7320_G7319"	179.68666666649997
"G7575_EG12658"	4.830000000000005
"EG11070_EG10830_EG10762"	51.493333332999995
"EG12434_EG10136"	79.43333333329932
"EG11680_EG10898_EG11681_EG11682_EG12146"	129.76967741925807
"G7028_G370_G7027"	74.83333333333331
"EG11347_EG11654_EG11656_G377_G378_G379"	244.0761111111667
"EG11722_EG11723"	57.61999999999972
"G6309_G6310_G6311"	15.807777777790001
"EG10645_EG10644"	0.0
"G6883_G6884_G6885"	19.28555555557667
"G7701_EG11263"	6.766666666665036
"EG11686_EG11685"	5.439999999999855
"EG10890_EG11437_EG10277_EG11317_EG11318"	729.8890476182856
"G6944_G6943_G6942_G6941_G6940"	5.641999999999994
"G7401_G7402_EG20257_EG12381"	520.68916666675
"EG11831_EG11297"	83.45666666670003
"EG10232_EG10233_EG10234"	3.579999999999995
"EG11595_EG11596_EG11666_EG11597_EG11598"	94.25333333330015
"EG10242_EG10828"	0.0
"EG11250_EG12096"	14.188333333350005
"EG10373_G0-9563"	11.733333333299996
"G6086_G0-10535_G6085"	28.615555555533334
"EG11568_EG10521"	16.73833333334998
"EG12610_EG12611"	181.84833333349997
"G0-10580_EG10359"	0.0
"EG12312_EG12313_EG12314"	90.08
"EG12107_EG12106_EG11798"	5.1888888888899976
"EG12320_EG12321"	55.404999999999994
"EG10318_G0-10580_EG10359"	261.4233333334999
"EG11090_EG12334_EG12333"	127.24111111110001
"EG10570_EG11411_EG10207"	260.32166666665006
"EG12715_G6092_EG10139"	46.02666666670015
"G372_G6097"	236.14666666649993
"G6098_EG12354_EG12137"	45.36555555556668
"EG11502_EG11503"	129.89666666664996
"EG11650_EG11651"	81.03499999999998
"G6110_G6109"	138.33833333349997
"G6115_G6116_G6117_G6118"	15.230000000000018
"G6116_G6117_G6118"	0.0
"G6119_EG11496"	1.341666666668501
"G6126_G6125_G6124_G6123_G6122_G0-10432_G6121_G6120"	11.416666666700143
"G6128_G6127"	10.091666666649997
"G6130_G6131"	36.758333333299994
"G6135_G6136"	23.381666666699996
"G0-10537_G6139_G6138_G6137_EG12340"	6.121999999998658
"EG12338_EG12339_G0-10433"	35.683333333343334
"G6140_G6141"	3.7083333333349993
"G6142_G6143"	4.698333333329989
"G6150_G6149"	3.020000000000001
"G6157_G6156_G6155_G6154"	3.4241666666675004
"G6163_G6162_G6161_G6160"	6.0
"G6167_G0-10434"	8.94666666665
"EG12161_G0-10525_G6168_G6169"	11.49583333334075
"G6173_G6171"	0.0
"G6174_G6173_G6171"	3.738888888886667
"G6176_G6177_G6178"	5.525555555556667
"G6183_G6184_G6185_G6186"	2.12166666666576
"G6188_G6189"	13.731666666649996
"G6209_EG50010_G6208"	54.657777777766675
"G0-10541_G6212_G6213"	10.805555555544434
"EG11094_EG10927"	28.633333333299966
"EG12168_G6233"	38.5516666667
"EG11320_EG11321_EG11322_EG10666_G6234_EG10704"	104.35333333335004
"G6239_G198"	69.63
"G6248_EG11622"	11.160000000000004
"EG12429_EG10439"	324.18166666684994
"EG10765_EG12830"	52.83500000000001
"G6265_G6264"	50.033333333349994
"G6266_G6267"	30.255
"EG11657_G6270"	19.039999999999996
"EG10849_EG11769_G6271_EG11770"	5.416666666674254
"G6287_G6288_G6289_EG12384"	1.8208333333332476
"EG10758_EG12666"	622.4933333333499
"EG10328_EG12879"	160.64333333335
"G6291_G6292"	1.1150000000014977
"G6293_EG12388"	0.7583333333338458
"G6301_G6302"	12.719999999999999
"G6303_G6304_G6305_G6306_G0-10435"	1.5333333333325991
"G6344_G6343_G6342_G6341_G6340_G6339"	1.4927777777778206
"G6345_G6346"	18.12
"EG11255_EG11254_EG10606_EG10607_EG10854"	129.22466666667998
"EG10532_EG10855_EG11412_G6350_G6349"	176.71399999999997
"G6352_G6353"	1.546666666665037
"G6355_G6356"	3.8416666666650006
"G6361_EG10168"	0.0
"G6363_G6362"	18.348333333650043
"G6370_G6371"	2.303333333330009
"EG10848_EG11522"	3.718333333334993
"G6376_EG11523"	3.1666666666618966
"G6387_G6386_G6385"	4.837777777766667
"EG10630_EG11700"	180.31166666649997
"G6395_EG11677"	121.89333333314997
"G6407_G6406_G6405"	14.560000000023335
"EG12406_G6412_G6411_G6410_G6409"	25.813999999999997
"G6420_G6421"	58.1599999999998
"G6427_G6426"	3.5883333333349974
"EG12407_G6429_G6430_G6431_G6432"	124.99666666686
"G6433_G6434"	17.4983333333
"G6443_G6442"	38.44500000000001
"G6448_G6449"	22.376666666649996
"G6451_G6452"	87.85833333334999
"EG10754_G6455_G6454"	73.74833333315
"G6465_EG12690"	88.55166666665
"EG12375_EG10613_EG11409_G6471"	51.749166666674995
"G6472_EG10519"	167.7233333329999
"G6474_G6475"	300.98166666649996
"G6481_G6482_G6483_G6484_G6485_EG12397"	7.6549999999933345
"G6496_G6495"	36.320000000000036
"G6504_G6503_EG11826"	9.477777777766667
"G6507_G6506_G6505"	3.3466666666666782
"G0-10536_G0-10430_G6509"	73.33222222210001
"G6512_G0-9662"	4.429999999999932
"EG11540_EG12703"	277.19166666649994
"G6527_EG11735"	350.73999999999995
"G6535_G6536"	0.6633333333335
"G6540_G6541"	187.63999999999996
"G6550_G6551"	0.0
"G6554_EG11820"	21.466666666700007
"G6556_G6555"	76.81666666649998
"EG11493_EG11494_EG12302_EG11500_EG12303"	56.19733333326
"EG12172_G6564_G6565_G6566_G6567_G6568"	154.97833333321668
"G6573_G6574_G6575"	89.52000000000001
"G6576_G6577"	82.41833333334999
"G6579_G6578"	6.651666666669999
"G6581_G6580"	50.791666666649995
"G6583_G6582"	5.235
"G6586_G6585_EG12370"	10.872222222219994
"G6590_G6591_G6592_G6593_G6594_G6595_G6596_G6597_EG12877_G6598"	6.749333333331997
"G6599_EG11120"	1.726666666664997
"G6605_G6606"	5.091666666644998
"G6612_G6611"	27.248333333349997
"EG11123_EG11122"	64.81666666670003
"EG11127_EG11126_EG11125"	16.359999999999967
"G6634_G6635_G6636"	62.96333333321002
"EG11759_EG10130"	65.2383333332999
"G0-10512_G0-10513"	108.81166666649999
"G6637_EG12691"	0.0
"G2002_G2001_G2000_EG12304_EG12305"	41.06599999999999
"G6645_EG12431_EG10036_EG11822_G6646"	42.002666666680035
"EG10036_EG11822_G6646"	0.0
"G6647_G6648_G6649_G6650_G6651_G6652_G6653_G6654_G6655_G6656_G0-10445_G6657"	1.774444444444167
"G6659_EG12870"	0.0
"G0-10446_G6662"	19.410000000000146
"G6670_G6669_EG12853_EG10668"	3.2099999999999964
"EG10827_EG11899_EG11900_EG11901_G6677_G6676"	4.878888888888334
"EG12155_G0-9081"	0.8383333333349806
"G6679_G0-10448"	2.5566666666649933
"G6681_G6682_G6683_G6684_G6685_G6686"	6.136666666671668
"G6688_G6689"	4.894999999999999
"G6691_G6692"	6.158333333330008
"G6695_G6696"	3.7899999999999836
"G6703_G6704_G6705"	25.474444444466666
"G6727_G6728_G6729_G6730"	2.331666666666675
"G0-10451_G6749"	23.786666666684994
"G6759_G6758"	81.25833333334998
"EG10010_EG11760"	2.375000000000875
"G6773_G6772_G6771"	0.37666666666690013
"EG11742_EG11743"	53.949999999999974
"G6795_G6794_G6793"	1.4822222222233645
"G6799_G6798"	9.154999999985
"G6810_G6809"	44.81499999999999
"G0-10452_G6822"	1.3450000000015028
"G6829_G6828_G6827_G6826"	2.7816666666675003
"G6831_G6830"	4.256666666665
"EG10836_EG11131"	0.0
"EG10228_G6835_G6834"	9.612222222210042
"EG11300_EG11301_EG11302"	7.872222222233341
"EG10227_EG11303_EG11304_G6836_G6837"	2.1653333333326605
"G6839_G6838"	5.6549999999999905
"G6841_G6842"	307.82166666649994
"G6858_G6857"	7.426666666664998
"G6861_G6862"	25.221666666684992
"G6899_G6898_G6897"	3.3800000000000088
"G6902_G6901_G6900"	0.0
"G6913_G6912_G6911"	302.20111111090006
"G6917_EG11234_EG10076"	1.216666666668498
"EG12432_G6918"	3.0416666666649896
"G6945_G6946_G6947_G6948_G6949_G6950_G6951"	11.954761904768576
"G6963_G6962_G6961_G6960_G6959_G6958"	2.9383333333333335
"G6983_G6982"	3.5633333333349984
"G6987_G6988"	1.5716666666649979
"G6991_G6990"	68.19166666665
"EG10683_EG12693"	33.353333333349994
"G7000_EG12204"	3044.7966666649995
"EG12866_EG10760"	585.3416666669999
"G7006_G7007"	28.248333333350008
"G7014_G7013_G7012"	206.95555555566668
"G7015_G7016"	54.321666666700025
"EG12378_EG12379"	50.19333333335
"G7019_G7020_G7021"	56.62111111110001
"G7038_G7037_EG12347"	123.13666666666667
"EG11660_EG11661"	67.60333333335
"G7051_EG12710"	42.849999999999994
"G7057_G7056"	41.26999999999999
"G7059_G7060"	11.396666666685006
"G7081_G7082_G7083_G7084_G7085_G7086"	6.920000000006668
"EG11895_EG11894"	375.12166666649995
"EG12844_G0-9121"	151.92833333335
"G7096_G7095_G7094"	6.142222222223335
"G7102_G7101_G7100_G7099_EG11787_EG11788_EG11789_EG11790_EG10161_EG10162_G7098_G7097"	2.7344444444458347
"G7112_G7111"	1.7716666666699996
"G7130_G7131_G7132"	10.644444444466666
"M007_G7135"	138.31666666699996
"G7138_G7139"	11.203333333299975
"EG11990_EG11989_EG11988_EG11987"	0.6491666666666588
"G8208_EG11995"	5.701666666665
"EG11998_EG11999_EG12002_EG12003"	1.6650000000017524
"EG12007_EG12006"	20.426666666699997
"EG12023_EG12024"	8.208333333334995
"EG12025_G7144"	26.63166666665003
"G7145_EG11289"	4.053333333334999
"EG11375_EG11290"	645.8433333316499
"EG11646_EG12033"	0.9316666666665177
"EG12104_G7146"	29.53999999999999
"EG12037_EG12038_EG12040_EG12041"	23.172499999975003
"EG12043_EG12049"	302.67000000014997
"EG11667_EG11668"	9.319999999999956
"EG11142_G7156_G7155_G7153_G7152"	3.104666666669996
"G7159_G7158"	3.598333333334997
"G7161_G7160"	0.0
"G7166_G7167_G7168_G7169_G7170_G0-10460_G7171"	11.649523809531424
"G7188_G7187"	289.4716666669999
"G7195_G7196"	158.32
"EG10327_EG10218"	87.17333333330009
"EG12449_EG10075_EG10580_EG11144_G7201_G7200"	169.73388888876667
"G7209_G7207_G7206_G7205_G7204_G7203"	11.484999999998333
"G7219_G7220_G7221"	146.98222222223336
"G7227_G7226_G7225_G7224_G7223"	2.1113333333333997
"G7228_G7229"	6.591666666664994
"G7230_G7231_G7232"	4.576666666654334
"G7243_G7244_G7245"	26.628888888900004
"G7250_G7249_G7248_G7247_G7246"	2.164666666666005
"EG10534_G0-10462"	49.171666666649955
"G7263_G7264_G7265"	6.660000000000031
"G7269_G7268"	38.764999999999986
"EG50006_EG50007_G7271_G7270_EG12190"	40.97400000005998
"G7274_G7275"	2.743333333330007
"G7278_G7279"	24.073333333314995
"G7282_G7281"	1.6533333333349995
"G7286_G7285_G7284_G7283"	1.0483333333335
"G7292_G7291_G7290_G7289_G7288_G7287"	3.3616666666721535
"EG11147_EG10208_G0-10463"	112.79777777790004
"G7298_G7297"	57.968333333350024
"G7316_G7317"	3.301666666665
"G7323_G7322"	12.246666666649997
"G7339_G7338"	8.698333333349998
"G7342_G7341_G7340"	1.876666666666613
"EG11371_EG11372"	42.719999999999985
"G7349_G7350"	23.646666666699996
"EG12098_EG12097"	75.99166666684998
"G7354_EG12880_EG11152"	38.33666666666667
"G7358_G7357"	146.09999999999997
"G7363_G7362"	47.58666666664998
"G7367_G7368"	3.2816666666699996
"G7369_G7370_G7371_G7372"	6.1849999999900005
"G7378_G7379_G0-10464_G7380_G7381"	3.382
"G7397_G7398"	25.666666666649977
"G7405_G7406"	152.21166666649998
"G7408_G7407"	83.76166666664997
"G7417_G7418"	3.969999999999996
"G7419_G7420"	5.554999999999999
"G7430_G7429_G7428_G7427_G7426_G7425_EG12845"	6.917777777789993
"G7432_G7433_G7434"	3.9622222222233336
"G7436_G7435"	2.67166666666999
"EG13174_G7442"	3.8766666666649994
"G7450_G7449_G7448"	66.42777777766668
"G7454_G7455"	57.74833333334998
"EG10786_EG10824_EG10826"	37.85777777776668
"EG12081_EG11156_EG11155_EG11154_EG10825"	8.189999999992487
"G7459_EG12188"	239.13333333349993
"EG11679_EG12455"	29.418333333300048
"G7467_G7468"	3.446666666664998
"G7476_G7475"	1.089999999998497
"G7497_G7498"	1.8483333333349996
"G7499_G7500"	5.168333333335002
"G7501_G7502_G7503"	8.83666666668
"G7506_G7505"	5.538333333335026
"G7510_G7509"	128.65666666685
"EG11323_EG10697_EG11324_EG11333"	189.73583333317498
"EG11791_EG11792_G7520_EG11245_EG11162_EG11161"	1.5199999999999967
"EG12366_EG10419"	106.09499999999997
"G7524_G7525"	158.88833333299996
"G7527_G7528_G7529_G7530_G7531"	100.86200000005998
"EG11779_EG12443"	214.72833333349996
"G7536_G7535"	31.243333333315
"G7551_G7550"	2.2983333333349987
"G7564_G7565"	52.00999999999997
"G7572_G7571"	63.04333333334977
"EG12633_G7580_G7579_G7578_EG10687"	132.6146666666
"EG11009_EG11164_EG11165"	320.81777777766666
"G7588_G7589"	3.361666666665006
"EG11603_EG11602"	38.38833333335
"G7598_G7599"	1.3633333333335012
"G7602_G7601"	18.9566666667
"G7611_G7612_G7613_G7614"	277.36
"G7620_G7621"	19.108333333349997
"EG12754_G7622"	6.054999999999998
"EG11173_EG11174"	0.4649999999998084
"EG10955_G7629"	104.81999999999995
"G7638_G7639_G7640"	8.535555555566681
"G7651_G7650"	120.19333333349998
"G7652_G7653"	2.551666666669993
"EG50011_EG11553"	143.35666666664997
"EG11499_G7656"	0.0
"EG12801_EG12800_EG12799_G7659_G7658"	153.07399999999996
"EG11383_G7668"	65.04333333335
"EG11515_G7670_G7671"	13.507777777776669
"G7682_EG11652"	44.3466666667
"G7687_G7686_G7685"	22.94777777777667
"EG11970_EG11969"	39.76
"G7702_G7703_G7704_G7705_G7706_G7707_G7708_G7709_G7710_G7711_EG12173_EG11359"	5.359722222219167
"EG11181_EG10113"	389.71666666650003
"G7715_G7714_G7713_G7712"	126.819999999825
"G7717_EG20110_G0-10466"	45.19111111113333
"EG12903_G7718_G7719"	59.35222222223333
"G7733_G7732_G7731_G7730_G7729_G7728"	3.7561111111166707
"G7735_G7734"	9.326666666665014
"G7739_G7738_G7737_G7736"	3.4458333333324997
"G7742_G7743"	77.5666666667
"EG10343_EG12212"	56.18333333334998
"EG12224_EG12223_EG11767"	63.67999999996667
"EG11441_EG12233"	74.51333333349997
"EG12240_EG12241"	5.505000000000013
"EG12263_EG12264_EG12265"	77.768888889
"EG10986_EG12270"	43.49000000000003
"EG12291_EG12290"	1.2849999999984973
"EG10846_EG11187"	3.6133333333297855
"EG11765_EG11764"	5.053333333335011
"EG10937_EG20091"	9.61999999950001
"EG12296_EG12297_EG12298"	166.57111111110004
"EG11696_EG11695_EG11694"	13.298888888876668
"EG11706_EG11705"	2.4766666666649955
"G7789_EG20051_EG20049_GB4478_EG20053"	10.626666666665992
"EG11364_EG11729_EG11728"	3.39222222222
"EG10375_EG10376"	56.667777777733335
"EG11731_EG11730"	26.138333333349998
"EG11733_EG11732"	37.894999999999996
"EG10840_EG11295_EG11451_EG11452_EG11453_EG11454_EG11455_EG11456_EG11486_G7800_EG11457_EG11458"	60.31333333329167
"G0-10471_EG10209_EG11201_EG11069_EG11202"	163.78999999994
"EG11465_EG11464"	2.9433333333349956
"EG10739_EG11470"	77.91833333334995
"G7806_G7808_EG11479_EG11481"	29.09333333330011
"EG10698_EG11484_EG11021_EG11485"	107.4799999999
"EG11838_EG11839"	8.471666666665003
"EG11842_EG11841"	2.338333333335093
"EG11847_EG11846_EG11845"	5.444444444443316
"EG11848_EG11849"	4.139999999999915
"EG11850_EG11851_EG11852_EG11853"	74.3816666666
"EG11864_EG11863_EG11862_EG11861"	2.1908333333325514
"EG11906_EG11905_EG11904"	4.694444444443332
"EG11908_EG11909"	1.2349999999984849
"EG11394_EG11395"	177.56666666649997
"EG11205_EG10123"	64.65499999999993
"EG11702_EG11543_EG11915"	88.37333333346666
"EG11924_EG11925_EG11926"	0.0
"EG11930_EG11931"	0.3416666666665274
"EG11935_EG11936"	136.29333333314997
"EG11954_EG11953_EG11952"	1.9011111111100107
"EG11210_G7823"	204.17666666649998
"G7828_G7829"	20.816666666649997
"G7830_G0-10472"	3.4483333333299897
"EG12178_EG12176"	48.103333333299986
"G0-41_G0-9562"	257.2766666669999
"G7838_G7839"	16.081666666649998
"G7846_G7847"	0.0
"G7848_G7849_G7850_EG11812"	1.123333333333504
"G7874_G7875_G7876"	172.21777777780005
"EG12517_EG12518_EG12520_EG12439"	8.231666666657503
"G7888_G7889"	68.53999999999996
"EG12544_G7901"	6.790000000000003
"G7912_G7911_G7910"	6.841111111110001
"EG12557_G0-10241_EG12556_G7915_EG12554_G7914_G7913"	9.389047619052747
"G0-10473_G7917"	31.086666666649997
"G7927_G7926_G7925"	20.547777777766672
"G7932_G7931"	3.2133333333350103
"EG12576_G7933"	9.565000000014988
"G7941_EG10021"	72.79166666665033
"EG11414_EG10850_EG12115"	88.37000000010002
"G7951_G7952"	18.89500000000009
"EG10339_EG10347"	0.0
"EG11296_EG11335"	67.53000000000027
"EG10548_EG11080_EG11081"	0.0
"EG11231_EG10881"	1181.795555553666
"EG11001_EG10506_EG11231_EG10881_EG11272_EG10709_EG10710_EG10440"	238.39444444433306
"EG10093_EG11199"	0.0
"EG10093_EG11199_EG10375"	19.64111111113335
"EG10835_EG10571_EG11249"	32.28666666655017
"EG12427_EG10002_EG10152"	144.3666666667667
"EG10841_EG11388_EG11389"	737.0400000000001
"G7609_G7610"	92.52999999984999
"EG11923_EG11924_EG11925_EG11926"	1.82888888889
"EG12802_G7662"	0.0
"G7663_G7664_G7665_EG11680"	151.37091397843557
"G7665_EG11680"	0.0
"G6461_G6462"	43.386666666649994
"EG12327_EG12326_EG12325_EG11678"	2.826666666666662
"EG10378_EG10381_EG10379_EG10377_EG10380"	198.1499999999999
"G7423_EG11816"	101.26666666649996
"EG11981_EG11982"	116.08499999984998
"EG11983_EG11984_EG11985"	98.40666666656668
"EG10459_EG10458_EG10460"	61.66444444446666
"G7365_G7366"	110.68999999999997
"G6092_EG10139"	117.03333333329984
"EG12385_EG10821"	88.58666666669997
"G0-10441_EG12395"	94.6966666665
"EG10176_EG10175"	5.208333333334929
"EG10836_EG11131_EG11130"	84.05999999999997
"EG10608_EG10609_EG10610"	101.52333333349996
"EG10492_EG10548_EG11080_EG11081"	47.04333333274996
"EG10208_G0-10463"	0.0
"EG10322_EG10323_EG10324_EG11224_EG11975_EG11976_EG11977"	240.9404761903428
"EG12124_EG12125_EG10007_EG10452"	0.0
"G6546_G6545_G6544_G6543"	46.35416666665
"EG12243_EG12242"	8.186666666599995
"EG11085_EG11086_EG10341_EG10621_EG10622_EG10604_EG10620_EG10344_EG10623_EG10619_EG10214_EG10342_EG10339_EG10347_EG10265"	0.0
"EG11086_EG10341_EG10621_EG10622_EG10604_EG10620_EG10344_EG10623_EG10619_EG10214_EG10342_EG10339_EG10347_EG10265"	0.0
"G6457_G6456"	0.0
"G7107_G7106_G7105"	0.0
"EG12279_EG12280_EG12281_EG12282_EG12283_EG12284_EG12285_EG12286_EG12287"	1.9807407407395556
"EG10159_EG10542"	33.57666666700005
"EG11629_EG11630_EG11631_EG11632"	47.234166666599975
"EG11322_EG10666_G6234_EG10704"	177.27249999997494
"EG10731_EG10732"	144.375
"EG11592_EG11591"	97.73666666669986
"G6363_G6362_G6361_EG10168"	246.37333333334996
"G6637_EG12691_EG10809_EG11128"	102.2633333335
"G6659_EG12870_EG11042"	21.9366666667
"EG11413_EG11067"	164.5599999999999
"EG11217_EG11218_EG10730"	45.574444444429936
"G7743_G7744"	21.676666666600013
"EG11071_EG11070_EG10830"	23.863333333699988
"EG10158_EG10159"	456.5333333329999
"G7530_G7531"	0.0
"EG11162_EG11161"	43.81500000000001
"EG10230_EG11362"	222.94888888876662
"EG10526_EG10524"	2.001666666669746
"EG11978_EG11979_EG11980"	0.0
"EG11426_EG11423"	0.0
"EG10943_EG11014"	0.0
"EG11558_EG11557_EG12608"	0.0
"EG11773_EG12093"	0.0
"EG10609_EG10610"	0.0
"G6122_G0-10432_G6121_G6120"	0.0
"EG20080_G7542"	4.700833333339994
"EG10219_EG10220_EG10222"	0.0
"EG10579_EG12438_EG11368_EG11532_EG12437"	0.0
"G6790_G6789"	4.239249638446192e-15
"EG11093_EG10083"	0.0
"EG12458_EG11959_EG11958_EG11957"	0.0
"EG10438_EG10437_EG10436_EG10435"	269.1199999989999
"EG10777_EG10778_EG10779_EG10780"	0.0
"EG10990_EG10991_EG11172_G7627_G7626_G7624"	3.0300000000003124
"EG10721_EG10722_EG10723_EG10724_EG10725"	5.13288888888887
"G7427_G7426_G7425_EG12845"	6.8966666666766665
"EG12012_EG12011_EG12010_EG12009"	16.161666666674996
"EG11281_EG10595_EG10438_EG10437_EG10436_EG10435"	9.753333333350017
"EG10595_EG10438_EG10437_EG10436_EG10435"	320.4700000003002
"G7947_G7948"	66.30333333349999
"G6282_G6283"	0.8166666666666564
"G6455_G6454"	0.0
"EG11043_G6879"	72.48833333334971
"G6969_G6970"	56.96166666664998
"G7128_EG12414_EG12415_EG12416_EG12417"	0.0
"EG10810_EG10258"	437.9399999999995
"EG10912_EG10910_EG10903_EG10893_EG10878"	4595.146000001999
"EG11880_EG11879"	36.84666666669996
"G6902_G6901_G6900_G6899_G6898_G6897"	2.885555555556663
"EG11624_EG11625_EG11626_EG11627"	95.44916666675
"EG11108_EG10736"	33.601666666650026
"G6889_G6890"	0.0
"G7161_G7160_G7159_G7158"	2.5233333333350014
"EG10734_EG10784_EG10782"	0.0
"EG10783_EG10735"	58.61666666649998
"G7263_G7264"	2.021666666664952
"EG11425_EG11426"	0.0
"G81_EG12734"	29.86166666664996
"EG11757_EG11363_EG11281_EG10595_EG10438_EG10437_EG10436_EG10435"	2.3500000000500014
"EG11384_EG11385"	2591.1466666664996
"G6604_G6605_G6606_G6607"	2.026666666669996
"G0-10651_EG10215"	1.2058310082691391e-13
"EG11275_EG10494_EG10502_EG11051_EG11052_EG11053"	39.41999999997664
"G7354_EG12880"	0.0
"EG12075_EG12076_EG12077_EG12078_EG12079_EG11519"	2.144666666666629
"EG10320_EG10319"	262.87666666649994
"G7485_G7486_G7487"	4.206666666666642
"G6125_G6124_G6123_G6122_G0-10432_G6121_G6120"	20.4938095238184
"EG10703_EG10282"	1027.5283333370003
"G369_G6562"	621.7366666685
"EG11967_EG11545"	895.8516666649999
"EG10988_EG10987_EG10148_EG10147_EG10150_EG10151"	678.562777779
"EG10637_G436_G7677_G7676_G7675"	9.95333333333254
"EG10785_EG11404"	67.53666666669994
"G6320_G6321_G6322_EG12367"	168.38166666667496
"G6319_G6318"	48.01999999999998
"G7326_G7325_G7324_EG12132"	574.21416666675
"EG11329_EG10361_EG11330"	3.3338888889233425
"G7545_G7544_G0-8601_G7543_EG20080_G7542"	20.124166666660006
"G6488_G6489"	70.41833333334999
"EG12842_EG11261_EG10852_G6447"	58.652222222233334
"EG10852_G6447"	0.0
"EG11621_EG11737_EG11504"	512.7622222233334
"M010_M011_M012_M013_M014_G6205"	3.620555555555001
"G6201_EG10525"	40.610000000000035
"G0-10689_EG12525"	9.754999999999997
"EG11378_G6909_G6908_G6907_G6906_G6905"	337.42888888866673
"EG11823_EG12189"	57.10333333334998
"EG10020_EG10163"	153.77000000014897
"G7233_EG13283"	1.4383333333300052
"G6261_G6262"	4.15166666666496
"EG10173_EG10174"	122.51666666699998
"EG10506_EG11231_EG10881"	3925.9466666670014
"EG11100_EG10834"	554.926666667
"EG10775_G7840"	105.47166666685
"EG10928_G6227"	31.18500000000002
"EG11876_EG11877"	109.53500000014995
"G7267_G7266"	106.73166666649996
"EG10072_EG12124_EG12125_EG10007_EG10452"	213.44199999999987
"G6196_G6198_G6199_G6200"	1.2816666666674976
"EG12834_EG12835_EG12836_EG12837"	7.092499999992498
"G6782_G6781_G6780_G6779_G6778_G6777"	4.407222222221661
"EG11285_EG10384"	34.450000000000045
"EG11726_EG11727"	13.333333333299986
"EG10690_EG11374"	188.23166666664997
"G7184_G7185"	41.14666666669979
"EG10377_EG10380"	0.0
"EG10784_EG10782_EG10783_EG10735"	0.0
"EG12802_G7662_G7663_G7664_G7665_EG11680"	83.18833333349997
"G6751_G6752_G6753_G6754_G6755"	5.533333333335007
"EG12193_EG12194"	60.026666666699995
"G6523_G6522_G6521_G6520_G6519_G6518_G6517"	2.84
"EG11448_EG11943_EG11942"	26.40444444446667
"EG10582_EG10590"	94.14666666664995
"EG11083_EG12609"	32.836666666700026
"EG10652_EG11078"	26.82000000000006
"EG10296_EG10298_EG10295"	73.34222222233336
"G7394_EG12387_EG11329_EG10361_EG11330"	14.608333333299994
"EG11885_EG11886"	211.38999999999993
"EG10455_EG10316_EG11284_EG10545"	677.5955555548002
"EG11110_EG11010_EG11011_EG11007"	131.521666666675
"EG11008_EG10684_EG12854"	1130.1133333333335
"G6701_G6700"	1.4600000000000282
"G6788_G6787"	1.0599999999999976
"EG10838_EG12210_EG11189_EG11424"	148.13916666682508
"EG10427_EG10761_EG12424"	53.62666666670001
"EG11473_EG11474_EG11476"	105.26000000010002
"G7276_G7277"	6.016666666669999
"EG10057_EG10058_EG10059"	13.915555555543488
"EG11510_EG11403"	98.43500000014998
"EG11280_EG11226_EG11577_EG11576_EG11575"	582.8213333333999
"G7657_EG11358"	249.18333333299998
"EG10356_EG10358"	31.353333333300007
"EG11431_EG11432"	58.10333333334999
"EG10979_EG10980"	0.0
"G7806_G7808_EG11479"	470.86777777869986
"G6663_G0-10645_G0-10446_G6662"	0.0
"G6889_G6890_G6891"	15.949999999999983
"G7921_G7920_G7919"	5.483333333330004
"EG10082_EG11093_EG10083"	364.3366666666668
"EG10056_EG11157"	10.576666666699962
"EG10362_EG10366"	0.0
"EG10362_EG10366_EG10363"	0.0
"EG12295_EG12294_EG10937_EG20091"	383.61666666699995
"EG10275_EG10276"	804.8766666649999
"EG12182_EG12183"	55.02333333329997
"G7396_G7395"	105.28999999999995
"EG50001_EG50002_EG11499_G7656"	55.73833333329958
"EG11897_EG12341_G7348_G7347"	215.063333333
"G6457_G6456_EG10754"	1.316666666665004
"G6549_G6550_G6551"	24.30999999999993
"G6549_G6550"	51.680000000000064
"EG11569_EG10985_EG10691"	265.415
"EG11087_EG10936_EG10626"	182.99555555543338
"EG10665_EG10505"	0.0
"G7413_EG12450"	4.886666666669999
"EG12197_EG12144"	316.62833333349994
"G7447_G7446_G7445"	3.8233333333300004
"EG13235_EG13236"	0.3366666666669785
"G7821_EG12458_EG11959_EG11958_EG11957"	13.290666666659963
"EG10675_EG10676_EG10677_EG10678"	0.0
"EG10823_EG12080"	5.853333333329994
"EG10362_EG10366_EG10363_EG11698"	123.11000000010011
"EG10006_EG10357"	1.5533333333297867
"G7018_EG12368"	38.04666666664999
"G7893_G7892_EG12539_G7891"	5.37333333333334
"EG10527_EG10526_EG10524"	1.6800000000001738
"EG11417_G812"	10.48666666665
"EG10116_EG10115_EG10114"	9.517777777789991
"EG12630_EG12629_EG12631"	6.549999999999973
"EG10367_G6966"	110.14333333299932
"G7747_G7748"	44.05999999999982
"EG11437_EG10277_EG11317_EG11318"	0.0
"EG10600_EG10599"	776.9899999999999
"EG11055_EG11658_G6866"	1.3322222222223357
"EG10360_EG11036"	1553.63833334
"G7856_EG12494_EG12495_G7858_G7859_G7860"	6.042777777776667
"G0-9461_EG11059_EG10454_EG10216"	87.50416666667502
"EG11059_EG10454_EG10216"	0.0
"EG10523_EG10047_EG10048"	162.79333333309978
"EG10691_EG10523_EG10047_EG10048"	0.0
"EG10047_EG10048"	0.0
"EG10691_EG10523"	0.0
"EG12059_EG12058_EG12057_EG12169_EG12055_EG12054_EG12053_EG12052"	6.483988095237922
"G7213_G7212"	14.32166666665
"G6920_G6921_G6922_G6923_EG12357"	2.8439999999999994
"G6845_G6846_G6847_G6848_G6849"	14.316666666665999
"EG11312_EG10886_EG10891_EG10329"	6.99666666667008
"EG10886_EG10891_EG10329"	0.0
"EG10627_G7532_G7533_EG10664"	18.4633333333
"G7532_G7533_EG10664"	0.0
"EG10627_G7532"	30.256666666700006
"EG10627_G7532_G7533"	0.0
"G7532_G7533"	66.07333333340004
"EG11312_EG10886_EG10891"	0.0
"EG10574_EG10575"	27.253333333350017
"EG11368_EG11532_EG12437"	22.270000000010004
"EG11047_EG11046_EG11049_EG11048_EG11050"	32.30600000001199
"EG10095_EG11225"	46.289999999999736
"EG10126_EG11204"	85.10499999999996
"EG11357_EG11580"	16.303333333300298
"EG10809_EG11128"	40.00666666649997
"EG10872_EG10864_EG10871_EG10873_EG10894_EG10895"	3258.797333332001
"EG10945_EG11296"	8.189999999999582
"G7631_G7632_G7633_EG12766"	3.497500000002489
"G7634_EG12768_EG12769_EG12770_G7635_G7636"	1.999444444446667
"EG11542_G6269"	114.17499999999998
"EG11272_EG10709_EG10710_EG10440"	0.0
"G6479_G6478_G6477_G6476_EG12358"	3.9373333333345992
"EG10951_EG11796"	31.62833333335003
"EG10024_EG10025"	567.686666667001
"EG10099_EG10102_EG10103_EG10105_EG10098_EG10104_EG10101_EG10100"	1094.7045833337509
"EG10220_EG10222"	263.70500000000027
"EG10386_EG10388_EG10389"	258.2288888890001
"EG10445_EG10450_EG10444_EG10448_EG10451"	68.27599999995002
"EG11271_EG10707"	206.14666666649998
"EG10914_EG10743"	757.7566666669991
"RUVA_RUVB"	70.28499999999998
"EG11140_EG11063"	154.78833333334998
"EG10934_EG10931_EG10932"	319.2888888886667
"G7921_G7920"	0.19999999999999832
"EG10500_EG10499"	265.62166666649995
"EG12374_EG10307_EG10682"	28.303333333333335
"EG11797_EG12100"	130.5133333329999
"EG12428_EG10845"	473.9849999999999
"EG10529_EG10530"	207.0383333329999
"EG10894_EG10895"	0.0
"G6776_EG11508"	24.76999999999919
"EG11341_EG11339_EG11340_EG11350_EG11351_EG11352_EG11353_EG11425_EG11426_EG11423"	41.968999999999994
"M009_M015_G7334_G7335_G7336"	11.245999999999983
"EG11596_EG11666_EG11597_EG11598"	37.439166666699776
"G7699_G7698_EG10077_G7697"	123.35333333332504
"EG11609_EG11610"	59.26499999999983
"EG11583_G6277_G6278_G6280_G6281_G6282_G6283"	1.1233333333332385
"G6286_G6285_G6284"	13.10222222221
"EG11634_G6821_G6820"	2.726666666663343
"EG11752_EG11751"	67.80333333329999
"G7122_G7120"	4.549999999999998
"G7238_G7237_G7236_G7235_G7234"	1.4766666666649169
"G6864_EG11233"	112.76833333314997
"G6800_G6801_G6802_G6803_G6804_G6805_G6806"	6.421666666673333
"G7113_G7114_G7115_EG12136_EG11617_EG11618"	7.538333333342518
"EG10592_EG10594"	0.0
"G6627_G6626_EG12399"	68.99000000000002
"EG10368_EG10703_EG10282"	254.79333333299965
"EG11137_EG10925"	87.9633333329997
"EG11138_EG11137_EG10925"	161.5166666670002
"EG10027_EG20173"	198.10666666699993
"EG10251_EG11191"	207.48999999999998
"EG11293_EG11294_EG10774"	123.49999999999993
"EG11444_EG11445_G7516_G7517"	4.067500000000003
"EG10483_EG10484_EG10485_EG10486_EG10487_EG10301"	6.83000000000002
"EG10484_EG10485_EG10486_EG10487_EG10301"	1.5566666666699396
"EG12908_G7723_G7724_G7726_G7727"	3.214166666669998
"G7827_G7826"	24.443333333299954
"EG12259_EG12258"	0.0
"EG12260_EG12259_EG12258_EG12257"	7.8791666666574995
"EG12120_EG12121"	58.16833333335
"EG13238_EG12150_EG12151"	28.143333333333338
"G6093_EG10455_EG10316_EG11284_EG10545_EG10546_EG10861_EG10238"	110.56666666653327
"G6379_G6380_G6381_G6382_G6383"	126.50333333327998
"G6870_G6871_G6872_G6873_G6874_G6875_G6876_EG10662"	61.06166666667499
"G6871_G6872_G6873_G6874_G6875_G6876_EG10662"	0.0
"G6531_G6530_G6529_G6528"	7.86
"G0-10591_G6638"	164.62499999999994
"G6784_G6783"	33.20666666665003
"EG12068_EG12143_EG12067_EG12064_EG12062_EG12061_EG12060"	0.0
"EG11212_EG11259_G7845_G7846"	63.13083333341749
"EG10881_EG11272"	0.0
"EG11487_EG11043_G6879"	134.22000000000017
"EG11215_EG10244_EG10237_EG11214"	7.780000000000059
"EG10244_EG10237"	0.0
"EG11215_EG10244_EG10237"	0.0
"EG11084_EG11085_EG11086_EG10341_EG10621_EG10622_EG10604_EG10620_EG10344_EG10623_EG10619_EG10214_EG10342_EG10339_EG10347_EG10265"	126.82974358976927
"EG10023_EG10022_EG10026"	1110.4211111123338
"EG10065_EG10064_EG11223"	169.0149999999996
"EG10078_EG11039"	856.1066666685003
"EG10221_EG10219_EG10220_EG10222"	41.31499999999993
"EG10302_EG10304_EG10305_EG10303"	157.5466666666
"EG11311_EG10317"	892.9633333334997
"EG10330_EG10331_EG10332_EG10333"	15.670833333325014
"EG10383_EG10387_EG10385"	53.871666666699895
"EG10387_EG10385"	0.0
"EG10391_EG10392_EG10393"	30.79444444443332
"EG11275_EG10494_EG10502"	119.50444444445671
"G0-10439_EG10513_EG10514_EG10515"	2.5008333333332695
"EG10533_EG11491"	74.278333333335
"EG10554_EG10555_EG10556"	35.43222222223338
"EG10560_EG10561"	43.66833333334994
"EG10633_EG10632_EG10636_EG10634"	85.15166666665002
"EG10638_EG10639_EG10641_EG10640"	3.611666666667419
"EG10653_EG10655_EG10654_EG10188"	3.897777777779994
"EG10660_EG10661_EG12360"	163.24666666650003
"EG10727_EG11401"	17.199999999999825
"EG10728_EG10733"	21.050000000000026
"EG11345_EG11314"	316.7233333335
"EG10795_EG10792"	231.67333333349995
"EG10798_EG10799"	353.5749999999999
"EG10843_EG10842"	4.82333333332997
"EG11274_EG11028_EG11027_EG11026_EG11025_EG11024"	230.79888888866665
"EG10029_EG10037"	11.608333333349888
"EG10191_EG10190_EG10189"	292.43500000000006
"EG10793_EG10796"	251.96666666649992
"EG11276_EG11005_EG11006"	5.678888888876577
"EG11890_EG11889"	10.794999999999968
"EG11380_EG11379_G0-10588_EG10049"	3.800000000000005
"EG10178_EG10179_EG10180_EG10181_EG10182"	773.0233333339997
"EG10979_EG10980_EG10981_EG10982"	777.9599999999999
"EG10134_EG10135"	560.4016666670002
"EG11669_EG11670_EG11671_EG11672"	1.5724999999974827
"EG10111_EG10110_EG10109"	55.50333333333334
"EG10118_EG10121_EG10119_EG10120"	105.28833333332494
"EG10379_EG10377_EG10380"	44.023333333333504
"EG10558_EG10528_EG10559"	29.99222222223333
"EG10989_EG10990_EG10991_EG11172_G7627_G7626_G7624"	0.9700000000001483
"EG10252_EG10253"	1.5916666666650972
"EG10352_EG10349_EG10350_EG10355_EG10353"	5.287777777776755
"EG10577_EG10578"	9.025000000000029
"EG10563_EG10564"	9.98333333332998
"G8210_EG10969_EG10970_EG10971_EG10972_EG10974_EG10973"	12.964999999994992
"EG10348_EG10351"	2.959999999999985
"EG10176_EG10175_EG10177"	2.850000000000015
"EG10195_EG10197_EG10198_EG10183_EG10193"	217.9966666666
"EG10186_EG10194_EG10185"	332.64222222200004
"EG10250_EG10249"	4.100000000000106
"EG10286_EG10287_EG10288_EG10289_EG10290"	50.28199999999998
"EG10474_EG10475_EG10476_EG10477_EG10478_EG10479_EG10480_EG10481_G7414"	6.6692592592517785
"EG10483_EG10484_EG10485_EG10486_EG10487"	0.0
"EG10646_EG10643"	64.92666666664996
"EG11227_EG11228_EG11229"	2.4488888888898885
"G7990_EG10337_EG10336"	25.701111111100055
"EG10293_EG10262"	838.1566666685001
"EG10261_EG10263_EG10260_EG10259_EG11105"	713.7773333333998
"EG10593_EG10592_EG10594"	35.47777777776669
"EG12419_G7128_EG12414_EG12415_EG12416_EG12417"	836.7116666667168
"EG11442_EG10371_EG11810"	91.05444444466663
"EG10396_EG10398_EG11517"	325.60333333333335
"EG10672_EG10269"	93.21666666684997
"EG11277_EG10998_EG10999_EG11000"	663.21583333325
"EG11057_EG11056"	7.906666666670004
"EG10403_EG10404_EG11514"	605.7044444445669
"EG10540_EG10538_EG10541_EG10537_EG10536"	372.2613333333999
"EG11435_EG11434_EG11599"	40.9955555555666
"EG10615_EG10616_EG11965"	60.01222222223335
"EG10567_EG10568_EG10569"	515.8066666666667
"EG11327_EG11326"	222.6933333335
"EG11781_EG11945_EG11946_EG11947_EG11948_EG11949_EG11950"	2.9219047619042855
"EG10713_EG10714_EG11283_EG10715_EG10716_EG10717_EG10718_EG10719_EG10720_EG10721_EG10722_EG10723_EG10724_EG10725"	1.1811111111112247
"EG10734_EG10784_EG10782_EG10783_EG10735"	32.90833333334998
"EG10959_EG10960"	176.7216666665
"EG10421_EG10420"	430.8649999999999
"EG10817_EG10814_EG10816_EG10815_EG10818_EG10819"	45.89388888883333
"G7107_G7106_G7105_G7104_G7103"	2.347333333331995
"EG10342_EG10339_EG10347"	0.0
"EG11815_EG11814_EG12195"	4.281111111113352
"EG12127_EG11402"	4.504999999999993
"EG10053_EG10052_EG10055"	2.2899999999999894
"EG10279_EG10278"	14.303333333349963
"EG10401_EG10399"	79.50333333329993
"EG11868_EG11867_EG11866"	1.5683333333344873
"EG10674_EG10675_EG10676_EG10677_EG10678"	916.3353333334
"EG10512_EG10993"	30.963333333299957
"EG10257_EG10256"	39.180000000000305
"EG12629_EG12631"	0.0
"EG11703_EG11704"	188.87666666649997
"EG10266_EG10267"	2.876666666665038
"EG11758_EG11757_EG11363_EG11281_EG10595_EG10438_EG10437_EG10436_EG10435"	44.25333333330002
"EG10041_EG10042"	49.89833333334936
"EG10045_EG11135"	120.38500000000006
"EG12235_EG12236_EG12237"	6.9344444444433275
"EG10086_EG10085"	6.856666666670054
"EG10106_EG10099_EG10102_EG10103_EG10105_EG10098_EG10104_EG10101_EG10100"	511.46999999999935
"EG11617_EG11618"	17.259999999972447
"EG11615_EG11614"	25.719999999999995
"EG10127_EG10129_EG10128"	23.283333333299975
"EG11561_EG11560_EG11559_EG11558_EG11557_EG12608"	4.232222222222861
"EG10140_EG10141_EG10142_EG10143_EG10144_EG12198"	12.438333333328245
"EG12402_EG12403"	21.80999999999997
"EG11217_EG11218_EG10730_EG10145"	6.266666666670063
"EG11405_EG10012"	51.84833333335046
"EG11407_EG11408"	30.886666666700005
"EG10205_EG10658"	527.7899999999998
"EG10211_EG11068"	43.22999999999999
"EG11440_EG11268"	324.41333333349996
"EG10235_EG10242_EG10828"	110.71777777766661
"EG10244_EG10237_EG11214"	59.5711111109999
"EG10248_EG12625_EG12626_EG12627_EG12628"	420.7279999999999
"EG11973_EG11972"	1.671666666666611
"EG10268_EG10673"	7.029999999999167
"EG10271_EG10272"	1342.5366666699997
"EG10277_EG11317_EG11318"	0.0
"EG11858_EG11857_EG11856_EG10284"	49.699166666675
"EG12101_EG12102_EG12933"	105.29333333343334
"EG10299_G0-10437_EG10264_EG10297"	491.26749999975
"G357_G369_G6562"	378.99333333299995
"G358_G359_G360_G361_G362_G363_G364_G365_G366"	1024.1900000009998
"EG11507_EG11506"	391.9383333334999
"EG10346_EG10340_EG10345"	91.34666666666669
"EG11198_EG10382"	296.2
"EG10409_EG10410"	389.9066666669999
"EG11398_EG11399_EG11400"	136.54000000000002
"EG10429_EG10430_EG10433_EG10434"	126.60583333325002
"EG10442_EG10443"	27.828333333350013
"EG11269_EG10449_EG10447_EG10446_EG10445_EG10450_EG10444_EG10448_EG10451"	120.68333333324999
"EG10458_EG10460"	0.0
"EG11676_EG11881"	181.78999999999996
"EG10468_EG10469_EG10470_EG10471_EG10472_EG10473"	2.5411111111111864
"G7554_EG11799_EG11800_EG11801_EG11802_EG11803_EG11804_EG11805"	14.46791666666249
"EG11079_EG10492_EG10548_EG11080_EG11081"	190.316666667
"EG10516_EG10517"	15.993333333349995
"EG10520_EG11190"	41.486666666699996
"EG12128_EG11002"	92.69666666670001
"EG12362_EG10579_EG12438_EG11368_EG11532_EG12437"	26.669999999990004
"EG10596_EG10597_EG10598"	335.6866666663334
"EG10153_EG10154"	49.003333333350014
"EG10601_EG10602_EG10146_EG10149"	828.3241666674999
"EG12068_EG12143_EG12067_EG12064_EG12062_EG12061_EG12060_EG12059_EG12058_EG12057_EG12169_EG12055_EG12054_EG12053_EG12052"	3.288095238099575
"EG10648_EG10647_EG10645_EG10644"	2.7291666666675027
"EG11739_EG11740"	6.754999999999816
"EG12111_EG10510"	482.25999999999993
"EG12082_EG12083_EG12084_EG12086_EG11774_EG12087_EG12088_EG12089_EG12090_EG12091_EG12092_EG11773_EG12093"	143.5530769232308
"EG11179_EG10665_EG10505"	344.30500000000006
"EG11675_EG11746"	337.84666666649997
"G7693_EG10685_EG11497"	41.211111111133356
"EG11910_EG11911"	3.913333333334998
"EG10744_EG10745"	957.4499999999998
"EG10749_EG10750_EG10751_EG10752"	165.519999999925
"EG10762_EG10552"	439.03666666699985
"EG10768_EG10767"	187.87999999999997
"EG10776_EG10777_EG10778_EG10779_EG10780"	35.51999999999998
"EG12412_EG12411_EG11978_EG11979_EG11980"	159.16200000013995
"EG10857_EG10270"	185.45166666699942
"EG11547_EG11548"	51.194999999999965
"EG10863_EG10808"	10.086666666700129
"EG10871_EG10873_EG10894_EG10895"	0.0
"EG10874_EG10908"	3901.7116666649986
"EG10875_EG10884_EG10868_EG10913_EG10907_EG10869_EG10879_EG10904_EG10888_EG10876_EG10766_EG11232"	4060.6322222225
"EG50001_EG50002"	5671.0833333317005
"EG10886_EG10891"	3756.3883333333297
"EG10892_EG10862"	1030.9033333349998
"EG10899_EG10966_EG10967_EG10829"	231.0975000001
"EG10905_EG10764_EG10917_EG10870"	3837.583333335
"EG10909_EG10866_EG10867_EG10883_EG10865_EG10918_EG10882_EG10902_EG10877_EG10887_EG10916"	5089.075757575454
"EG10911_EG10906_EG10360_EG11036"	3483.5883333299994
"EG10915_EG11153_EG11023_EG10880"	2491.690833335
"EG10920_EG10239_EG10896"	156.71999999999923
"EG10939_EG10667"	675.0966666665
"EG10941_EG10942"	64.085
"EG11134_EG10943_EG11014"	140.24333333356668
"EG10946_EG10073"	552.9033333329994
"EG10949_EG10230"	293.12555555546663
"EG11089_EG10963_EG10962"	227.72999999999988
"EG10977_EG10978"	388.40833333349985
"EG10985_EG10691_EG10523_EG10047_EG10048"	0.0
"EG11817_EG10689"	107.48166666649998
"EG11883_EG11884"	57.701666666649984
"EG11001_EG10506"	650.8388888886667
"EG11168_EG11169_EG12393"	2.5011111111100006
"EG11369_EG11370"	70.09499999999998
"EG11701_EG11418"	96.99999999999989
"EG11051_EG11052_EG11053"	0.0
"EG11098_EG10508_G6237_G6236"	228.14749999999998
"EG20252_EG12275_EG12276_EG20253"	4.762222222220002
"EG11258_EG10701"	64.86999999999982
"G6547_EG11489_G6548"	1.6599999999999955
"EG11534_EG11535"	42.9
"EG11355_EG11356_G7039"	998.2644444433336
"EG12131_EG12130_EG11328_EG12311"	272.40833333325
"EG10484_EG10485_EG10486_EG10487"	5.049166666665063
"EG11332_EG12129"	312.60333333299997
"EG10368_EG10703"	0.0
"EG10169_EG10794_EG11044"	214.71222222233334
"G7025_G7024"	63.83666666665
"EG12142_EG11623"	36.22833333334997
"EG10603_EG11354_EG11439"	138.08222222213334
"EG10291_EG10292"	714.8816666649999
"EG10132_EG10131"	1.0399999999999519
"EG10788_EG10789_EG10165"	1858.2383333300002
"EG11279_EG10805_EG10811"	1525.37888889
"EG10898_EG11681_EG11682_EG12146_EG12147"	307.48892473119355
"EG11088_EG10024_EG10025_EG10543"	170.00333333299992
"EG12341_G7348_G7347"	83.43777777799998
"EG11066_EG20248"	23.1633333333
"EG11562_EG11563_EG11564_EG11565"	1.9891666666675096
"EG11961_EG11962_EG11963"	21.68222222223333
"EG10308_EG11974_EG10310_EG10311_EG10313_EG10314_EG10315"	403.54904761901423
"EG12167_EG12165_EG11252_EG10618"	101.57416666675
"EG11829_EG11828"	31.974999999999994
"EG11026_EG11025_EG11024"	333.4088888890001
"G85_EG13159"	0.9333333333329984
"G6217_G6218_G6219_EG12423"	3.5575000000000045
"G6630_EG11251_EG10518"	87.66333333315002
"EG11265_EG10900"	878.0266666666666
"EG11490_G6786"	21.520000000000024
"EG10395_EG10397_EG10400"	79.94111111123338
"EG10397_EG10400"	0.0
"EG11552_EG11551"	4.393333333330043
"EG50003_EG12606"	539.9333333330021
"EG11317_EG11318_EG50003"	0.0
"EG11318_EG50003"	453.56428571171443
"EG10857_EG10270_EG10832_EG10693_EG10247"	61.41000000000055
"EG10693_EG10247"	79.9649999999991
"G6709_G6710_G6711_G6712_G6713_G6714_G6715_G6716_G6717_G6718_G6719"	3.0516666666669967
"EG10571_EG11249_EG10572"	43.09333333329984
"EG11270_G0-10641_G8221_EG10501_EG10497_EG10496_EG10493"	137.14222222228332
"EG10497_EG10496_EG10493"	0.0
"G6490_G6491_G6492"	23.494999999999994
"EG10900_EG10441"	1855.2833333366661
"EG50009_EG12243"	13.456666666699995
"EG12191_EG11821"	8.18333333335
"EG11119_EG10890"	4080.720476190856
"G7751_G7750"	9.575000000014999
"EG11074_EG11075"	6.5699999999999985
"G7023_G7022"	3.596666666664995
"EG11150_EG11282_G7300_G7301_G7302_G7303_G7304_G7305_G7306_G7307_G7308_G7309"	3.7975000000016643
"G6720_G6721"	24.419999999999966
"EG10771_EG10772_EG10773"	95.58666666656669
"EG10008_EG10482"	5.296666666664721
"G6852_G6851"	12.629999999999995
"EG11608_G6633"	99.73666666649997
"EG11096_EG10938_EG10940"	382.91133333259995
"EG10996_EG11096"	483.78266666520005
"EG10081_EG10074_EG11183_EG10204_M004_EG11871_EG11030"	261.65000000000003
"EG11183_EG10204_M004_EG11871_EG11030"	0.0
"EG10204_M004_EG11871_EG11030"	0.0
"M004_EG11871_EG11030"	0.0
