nhaR	25.000000
caiF	5.000000
araC	16.000000
sgrR	20.000000
leuO	1.000000
cra	67.000000
pdhR	516.000000
sfsA	51.000000
cdaR	6.000000
yafC	14.000000
dinJ	50.000000
crl	314.000000
perR	2.000000
yagI	39.000000
ecpR	1.000000
ykgD	2.000000
betI	44.000000
yahB	7.000000
yahD	1.000000
cynR	11.000000
lacI	25.000000
mhpR	8.000000
frmR	162.000000
yaiW	22.000000
phoB	25.000000
nrdR	135.000000
bolA	94.000000
hupB	2321.000000
ybaO	27.000000
acrR	17.000000
ybaQ	57.000000
cueR	23.000000
allS	1.000000
allR	88.000000
fimZ	1.000000
appY	13.000000
cusR	24.000000
dpiA	10.000000
cspE	6951.000000
ybeF	5.000000
nagC	60.000000
fur	450.000000
kdpE	14.000000
abrB	5.000000
mngR	19.000000
modE	27.000000
ybhD	1.000000
ybhN	1.000000
ybiH	18.000000
mntR	55.000000
deoR	40.000000
ybjK	8.000000
lrp	261.000000
ycaN	6.000000
ihfB	610.000000
torR	18.000000
rutR	20.000000
csgD	2.000000
flgM	5.000000
ycfQ	25.000000
phoP	69.000000
ymfL	1.000000
bluR	20.000000
fadR	73.000000
dhaR	10.000000
ychQ	56.000000
ychA	93.000000
narL	46.000000
hns	1459.000000
cysB	49.000000
yciT	59.000000
puuR	17.000000
pspF	8.000000
pspB	21.000000
pspC	18.000000
ycjW	7.000000
tyrR	64.000000
ycjZ	12.000000
fnr	383.000000
abgR	3.000000
racR	55.000000
ydaS	2.000000
feaR	3.000000
paaX	13.000000
ydcI	30.000000
ydcN	15.000000
ydcR	18.000000
mcbR	3.000000
yddM	21.000000
hipA	11.000000
hipB	18.000000
lsrR	5.000000
yneJ	10.000000
marR	22.000000
marA	40.000000
ydfH	38.000000
cspB	16.000000
relB	62.000000
dicC	1.000000
dicA	45.000000
mlc	32.000000
ynfL	6.000000
rstA	30.000000
uidR	25.000000
malI	6.000000
slyA	71.000000
nemR	11.000000
purR	216.000000
ydhB	11.000000
ydiP	2.000000
ihfA	765.000000
chbR	4.000000
osmE	49.000000
ydjF	19.000000
yeaM	9.000000
dmlR	3.000000
cspC	2502.000000
kdgR	100.000000
yebK	31.000000
flhC	20.000000
flhD	25.000000
uvrY	153.000000
sdiA	38.000000
fliZ	1.000000
fliA	7.000000
rcsA	1.000000
yedW	22.000000
cbl	1.000000
nac	1.000000
yeeY	9.000000
yefM	31.000000
baeR	28.000000
ogrK	29.000000
yegW	18.000000
rcnR	17.000000
yehT	16.000000
mlrA	2.000000
galS	2.000000
yeiE	27.000000
yeiL	1.000000
narP	90.000000
ada	10.000000
rcsB	193.000000
atoC	2.000000
lrhA	84.000000
dsdX	4.000000
evgA	37.000000
ypdB	21.000000
ypdC	9.000000
yfeC	19.000000
yfeD	19.000000
xapR	6.000000
yfeR	7.000000
murR	5.000000
eutR	6.000000
gcvR	91.000000
hyfR	1.000000
iscR	318.000000
hcaR	5.000000
yphH	5.000000
glrR	24.000000
yfhH	14.000000
rseC	59.000000
rseB	94.000000
rpoE	124.000000
yfiE	9.000000
alpA	1.000000
yfjR	3.000000
csiR	10.000000
ygaV	12.000000
stpA	672.000000
mprA	408.000000
gutM	3.000000
srlR	22.000000
norR	13.000000
ascG	18.000000
fhlA	5.000000
ygbI	17.000000
rpoS	246.000000
fucR	14.000000
gcvA	39.000000
galR	21.000000
lysR	11.000000
ygeV	4.000000
argP	33.000000
ygfI	4.000000
yggD	49.000000
glcC	11.000000
yqhC	12.000000
mqsA	38.000000
ygiV	7.000000
qseB	9.000000
ttdR	1.000000
rpoD	537.000000
yqjI	31.000000
ebgR	19.000000
higA	15.000000
exuR	66.000000
yhaJ	48.000000
tdcA	1.000000
agaR	88.000000
sfsB	15.000000
ibaG	225.000000
rpoN	139.000000
yhcF	13.000000
nanR	46.000000
argR	181.000000
aaeR	21.000000
fis	1763.000000
envR	1.000000
zntR	21.000000
yheO	109.000000
crp	517.000000
frlR	22.000000
ompR	109.000000
feoC	35.000000
malT	80.000000
rtcR	3.000000
glpR	88.000000
gntR	59.000000
rpoH	290.000000
nikR	21.000000
arsR	9.000000
gadE	1.000000
gadW	18.000000
gadX	20.000000
yhjB	4.000000
yhjC	18.000000
yiaG	4.000000
cspA	1592.000000
xylR	8.000000
yiaJ	24.000000
yiaU	6.000000
mtlR	58.000000
lldR	16.000000
uhpA	57.000000
yidF	6.000000
yidL	2.000000
yidP	2.000000
dnaA	185.000000
yidZ	18.000000
asnC	21.000000
rbsR	18.000000
ilvY	27.000000
rho	637.000000
metR	17.000000
rfaH	81.000000
glnG	21.000000
yihL	11.000000
yihW	58.000000
yiiE	3.000000
frvR	2.000000
rhaS	1.000000
rhaR	2.000000
cpxR	151.000000
cytR	55.000000
metJ	253.000000
yijO	7.000000
oxyR	103.000000
fabR	127.000000
birA	66.000000
hupA	2120.000000
zraR	19.000000
iclR	102.000000
lexA	200.000000
zur	43.000000
soxS	34.000000
soxR	10.000000
rpiR	27.000000
basR	47.000000
adiY	1.000000
melR	3.000000
dcuR	22.000000
cadC	2.000000
yjdC	41.000000
nsrR	91.000000
yjfJ	1.000000
aidB	4.000000
ulaR	25.000000
ytfH	14.000000
treR	14.000000
bdcR	17.000000
idnR	11.000000
fecR	11.000000
fecI	29.000000
yjhU	77.000000
sgcR	3.000000
uxuR	44.000000
yjiE	18.000000
yjiR	13.000000
yjjM	1.000000
bglJ	1.000000
yjjJ	34.000000
trpR	59.000000
rob	131.000000
creB	45.000000
arcA	394.000000
dgoR	14.000000
hdfR	21.000000
putA	17.000000
alaS	501.000000
pepA	214.000000
nadR	54.000000
thrA	298.000000
thrB	243.000000
thrC	268.000000
yaaJ	4.000000
talB	591.000000
mog	98.000000
nhaA	76.000000
ribF	216.000000
ileS	337.000000
ispH	120.000000
rihC	23.000000
dapB	94.000000
carA	33.000000
carB	28.000000
caiD	2.000000
caiC	4.000000
caiB	4.000000
caiT	1.000000
kefC	9.000000
folA	128.000000
apaH	33.000000
pdxA	123.000000
araD	1.000000
araA	2.000000
thiQ	15.000000
thiP	14.000000
setA	19.000000
leuD	45.000000
leuC	36.000000
leuB	39.000000
leuA	26.000000
ilvI	15.000000
ilvH	14.000000
ftsI	169.000000
murE	172.000000
murF	129.000000
mraY	162.000000
murD	133.000000
murG	94.000000
murC	128.000000
ddlB	136.000000
lpxC	901.000000
mutT	31.000000
coaE	80.000000
guaC	134.000000
nadC	40.000000
ampD	19.000000
aroP	88.000000
aceE	3442.000000
aceF	2857.000000
lpd	2090.000000
acnB	377.000000
speD	292.000000
speE	305.000000
cueO	21.000000
gcd	49.000000
hpt	329.000000
can	370.000000
panD	516.000000
panC	237.000000
panB	197.000000
folK	58.000000
mrcB	74.000000
fhuA	88.000000
fhuC	26.000000
fhuD	19.000000
fhuB	20.000000
hemL	208.000000
clcA	27.000000
btuF	36.000000
mtn	249.000000
dgt	13.000000
dapD	366.000000
pyrH	438.000000
dxr	84.000000
ispU	235.000000
cdsA	213.000000
lpxD	637.000000
fabZ	773.000000
lpxA	695.000000
lpxB	182.000000
accA	506.000000
ldcC	5.000000
proS	622.000000
metQ	313.000000
metI	203.000000
metN	173.000000
gmhB	63.000000
dkgB	23.000000
gloB	19.000000
fadE	6.000000
lpcA	196.000000
pepD	254.000000
gpt	388.000000
phoE	4.000000
proB	167.000000
proA	150.000000
mmuP	5.000000
mmuM	9.000000
argF	10.000000
ykgE	4.000000
ykgF	4.000000
ykgG	5.000000
betA	15.000000
betB	27.000000
betT	19.000000
yahI	1.000000
codB	56.000000
codA	71.000000
cynT	2.000000
cynS	5.000000
cynX	4.000000
lacZ	2.000000
mhpA	1.000000
mhpB	1.000000
mhpC	1.000000
mhpD	1.000000
mhpF	1.000000
mhpE	2.000000
mhpT	3.000000
frmB	75.000000
frmA	146.000000
tauB	1.000000
tauC	1.000000
tauD	2.000000
hemB	153.000000
ddlA	165.000000
phoA	7.000000
proC	46.000000
aroL	67.000000
mak	21.000000
brnQ	248.000000
malZ	8.000000
acpH	14.000000
tsx	495.000000
ribD	109.000000
ribE	402.000000
thiL	84.000000
pgpA	84.000000
dxs	97.000000
ispA	132.000000
thiI	151.000000
panE	46.000000
cyoE	1495.000000
cyoD	1737.000000
cyoC	1616.000000
cyoB	1622.000000
cyoA	1841.000000
ampG	83.000000
queC	71.000000
cof	12.000000
amtB	5.000000
tesB	36.000000
maa	51.000000
acrB	253.000000
acrA	251.000000
apt	483.000000
adk	473.000000
hemH	35.000000
gsk	85.000000
ushA	31.000000
copA	17.000000
ybaS	2.000000
tesA	25.000000
allA	7.000000
gcl	1.000000
hyi	1.000000
glxR	1.000000
allB	1.000000
glxK	4.000000
allC	4.000000
ybcF	2.000000
purK	57.000000
purE	64.000000
lpxH	141.000000
cysS	193.000000
folD	153.000000
cusF	2.000000
cusB	3.000000
cusA	2.000000
pheP	84.000000
nfsB	143.000000
entD	2.000000
fepA	3.000000
fes	2.000000
entF	3.000000
fepC	5.000000
fepG	5.000000
fepD	5.000000
entS	7.000000
fepB	9.000000
entC	2.000000
entE	3.000000
entB	5.000000
entA	4.000000
dsbG	17.000000
citT	2.000000
citF	1.000000
dcuC	2.000000
pagP	1.000000
lipA	431.000000
lipB	73.000000
dacA	207.000000
mrdA	92.000000
cobC	22.000000
nadD	45.000000
leuS	368.000000
hscC	2.000000
rihA	16.000000
gltL	35.000000
gltK	30.000000
gltJ	28.000000
gltI	52.000000
lnt	71.000000
ubiF	46.000000
asnB	63.000000
nagA	59.000000
nagB	51.000000
nagE	101.000000
glnS	372.000000
fldA	418.000000
pgm	253.000000
potE	5.000000
speF	1.000000
kdpC	6.000000
kdpB	1.000000
dtpD	6.000000
gltA	124.000000
sdhC	178.000000
sdhD	228.000000
sdhA	251.000000
sdhB	251.000000
sucA	315.000000
sucB	424.000000
sucC	281.000000
sucD	260.000000
mngB	3.000000
cydA	179.000000
cydB	181.000000
ybgC	187.000000
nadA	210.000000
pnuC	175.000000
zitB	6.000000
aroG	153.000000
gpmA	599.000000
galM	109.000000
galK	39.000000
galT	33.000000
galE	58.000000
modA	29.000000
modB	23.000000
modC	18.000000
ybhA	51.000000
pgl	85.000000
bioA	106.000000
bioB	193.000000
bioF	156.000000
bioC	126.000000
bioD	109.000000
moaA	77.000000
moaC	98.000000
moaD	92.000000
moaE	87.000000
ybhO	1.000000
fiu	7.000000
glnQ	16.000000
glnP	17.000000
glnH	22.000000
rhtA	12.000000
ybiV	24.000000
fsaA	5.000000
moeB	54.000000
moeA	62.000000
iaaA	21.000000
gsiA	13.000000
gsiB	9.000000
gsiC	9.000000
gsiD	7.000000
yliI	1.000000
dacC	32.000000
ybjG	62.000000
mdfA	38.000000
grxA	49.000000
potF	14.000000
potG	10.000000
potH	7.000000
potI	9.000000
artJ	14.000000
artM	76.000000
artQ	86.000000
artI	128.000000
artP	100.000000
ltaE	36.000000
poxB	2.000000
aqpZ	9.000000
cydC	51.000000
cydD	51.000000
trxB	433.000000
serS	445.000000
dmsA	3.000000
dmsB	4.000000
dmsC	5.000000
pflA	70.000000
pflB	395.000000
focA	97.000000
serC	176.000000
aroA	77.000000
cmk	420.000000
msbA	148.000000
lpxK	86.000000
kdsB	198.000000
aspC	139.000000
ompF	2771.000000
asnS	718.000000
pncB	273.000000
pepN	110.000000
ssuB	2.000000
ssuC	1.000000
pyrD	83.000000
fabA	869.000000
ompA	7571.000000
mgsA	111.000000
yccX	9.000000
hyaB	1.000000
hyaC	1.000000
appC	2.000000
appB	3.000000
appA	2.000000
torA	1.000000
agp	4.000000
rutG	2.000000
putP	105.000000
ghrA	21.000000
lpxL	46.000000
solA	43.000000
pyrC	133.000000
grxB	25.000000
murJ	60.000000
plsX	752.000000
fabH	721.000000
fabD	859.000000
fabG	1714.000000
acpP	9325.000000
fabF	1523.000000
pabC	33.000000
tmk	82.000000
ptsG	1225.000000
fhuE	2.000000
thiK	32.000000
nagZ	61.000000
ndh	453.000000
nagK	55.000000
potD	384.000000
potC	262.000000
potB	244.000000
potA	285.000000
purB	263.000000
nudJ	35.000000
icd	886.000000
dsbB	157.000000
nhaB	72.000000
dadA	112.000000
dadX	79.000000
ldcA	21.000000
emtA	103.000000
treA	1.000000
dhaM	33.000000
dhaL	36.000000
dhaK	30.000000
ychM	35.000000
prs	1071.000000
ispE	277.000000
hemA	56.000000
kdsA	227.000000
chaA	45.000000
narK	1.000000
narG	1.000000
narH	3.000000
narJ	3.000000
narI	3.000000
purU	189.000000
galU	379.000000
tdk	61.000000
adhE	141.000000
oppA	809.000000
oppB	392.000000
oppC	382.000000
oppD	363.000000
oppF	356.000000
clsA	46.000000
kch	9.000000
tonB	46.000000
trpA	21.000000
trpB	23.000000
trpC	13.000000
trpD	8.000000
trpE	7.000000
btuR	25.000000
acnA	18.000000
ribA	90.000000
pgpB	16.000000
pyrF	154.000000
fabI	1196.000000
sapD	37.000000
puuP	4.000000
puuA	7.000000
puuD	9.000000
puuC	2.000000
puuB	2.000000
puuE	1.000000
pspE	45.000000
ycjG	10.000000
mpaA	13.000000
mppA	31.000000
trkG	9.000000
ompN	3.000000
ydbK	58.000000
ldhA	101.000000
feaB	4.000000
tynA	1.000000
paaA	1.000000
paaB	1.000000
paaE	1.000000
paaF	1.000000
paaG	1.000000
paaH	1.000000
paaJ	3.000000
paaK	3.000000
aldA	28.000000
ydcS	1.000000
ydcT	1.000000
ydcU	2.000000
ydcV	1.000000
ydcW	3.000000
ansP	27.000000
nhoA	3.000000
narV	2.000000
narY	1.000000
narZ	1.000000
yddG	12.000000
fdnG	3.000000
fdnH	3.000000
fdnI	6.000000
adhP	4.000000
maeA	64.000000
ddpF	1.000000
ddpD	1.000000
ddpC	1.000000
ddpB	1.000000
dosP	1.000000
gadC	1.000000
tam	3.000000
uxaB	1.000000
yneH	45.000000
sad	11.000000
ydeA	19.000000
eamA	16.000000
ydfG	119.000000
speG	95.000000
ynfF	3.000000
ynfG	2.000000
ynfH	15.000000
clcB	5.000000
mdtI	12.000000
mdtJ	11.000000
pntB	139.000000
pntA	130.000000
ydgI	50.000000
folM	23.000000
fumC	19.000000
fumA	81.000000
manA	63.000000
malX	6.000000
malY	19.000000
add	24.000000
tppB	348.000000
pdxY	45.000000
tyrS	343.000000
pdxH	62.000000
anmK	17.000000
sodC	10.000000
gloA	126.000000
grxD	411.000000
sodB	756.000000
cfa	67.000000
ribC	75.000000
pykF	313.000000
lpp	40322.000000
sufE	5.000000
sufS	7.000000
sufC	9.000000
sufB	10.000000
sufA	9.000000
ydiB	3.000000
aroD	17.000000
fadK	1.000000
ppsA	132.000000
aroH	73.000000
btuD	27.000000
btuE	30.000000
btuC	25.000000
pheT	449.000000
pheS	412.000000
thrS	740.000000
pfkB	27.000000
katE	1.000000
chbF	2.000000
nadE	92.000000
astE	1.000000
astB	1.000000
astD	1.000000
astC	1.000000
nudG	17.000000
gdhA	17.000000
selD	149.000000
ansA	91.000000
pncA	96.000000
ydjI	1.000000
msrB	102.000000
gapA	2934.000000
yeaE	10.000000
dmlA	3.000000
fadD	49.000000
pabB	23.000000
sdaA	90.000000
manX	182.000000
manY	221.000000
manZ	250.000000
purT	23.000000
eda	298.000000
edd	37.000000
zwf	185.000000
pykA	101.000000
lpxM	50.000000
znuA	103.000000
znuC	36.000000
znuB	30.000000
nudB	357.000000
aspS	366.000000
torZ	2.000000
argS	195.000000
otsA	3.000000
otsB	1.000000
araH_1	2.000000
araG	1.000000
araF	1.000000
tyrP	38.000000
pgsA	46.000000
dcyD	32.000000
amyA	4.000000
shiA	18.000000
amn	23.000000
cobT	26.000000
cobS	33.000000
cobU	24.000000
dacD	7.000000
hisG	99.000000
hisD	95.000000
hisC	83.000000
hisB	101.000000
hisH	97.000000
hisA	85.000000
hisF	79.000000
hisI	90.000000
wzzB	412.000000
ugd	11.000000
gnd	1064.000000
wbbK	127.000000
wbbJ	169.000000
wbbI	209.000000
wbbH	142.000000
glf	185.000000
rfbX	153.000000
rfbC	209.000000
rfbA	248.000000
rfbD	234.000000
rfbB	325.000000
wcaK	1.000000
cpsG	1.000000
cpsB	1.000000
gmm	1.000000
fcl	1.000000
dcd	182.000000
udk	151.000000
gatD	34.000000
gatC	127.000000
gatB	119.000000
gatA	152.000000
gatZ	212.000000
gatY	288.000000
fbaB	6.000000
thiD	4.000000
thiM	8.000000
metG	220.000000
yehW	1.000000
yehX	2.000000
yehY	2.000000
osmF	2.000000
bglX	56.000000
dld	23.000000
pbpG	50.000000
cdd	16.000000
preT	2.000000
preA	3.000000
mglC	8.000000
mglA	8.000000
mglB	22.000000
folE	145.000000
yeiG	19.000000
cirA	8.000000
lysP	217.000000
fruA	31.000000
fruK	25.000000
fruB	23.000000
setB	2.000000
lpxT	56.000000
ccmE	20.000000
ccmD	21.000000
ccmC	21.000000
ccmB	11.000000
ccmA	11.000000
napC	17.000000
napB	12.000000
napH	7.000000
napG	11.000000
napA	12.000000
mqo	98.000000
ompC	4911.000000
atoB	1.000000
ubiG	69.000000
nrdA	321.000000
nrdB	289.000000
glpQ	14.000000
glpT	5.000000
glpA	1.000000
glpB	1.000000
glpC	1.000000
nudI	9.000000
arnB	10.000000
arnC	7.000000
arnA	9.000000
arnD	4.000000
arnT	2.000000
arnF	1.000000
menE	45.000000
menC	79.000000
menB	126.000000
menH	43.000000
menD	30.000000
menF	34.000000
nuoN	287.000000
nuoM	258.000000
nuoL	326.000000
nuoK	294.000000
nuoJ	345.000000
nuoI	295.000000
nuoH	350.000000
nuoG	352.000000
nuoF	333.000000
nuoE	356.000000
nuoC	333.000000
nuoB	399.000000
nuoA	304.000000
alaA	104.000000
yfbR	19.000000
ackA	1108.000000
pta	651.000000
folX	183.000000
hisP	18.000000
hisM	17.000000
hisQ	22.000000
hisJ	56.000000
argT	28.000000
ubiX	37.000000
purF	79.000000
folC	105.000000
accD	511.000000
pdxB	144.000000
fabB	816.000000
mepA	69.000000
aroC	128.000000
fadJ	4.000000
fadI	3.000000
fadL	313.000000
dsdA	15.000000
oxc	1.000000
frc	2.000000
lpxP	5.000000
alaC	48.000000
glk	31.000000
mntH	29.000000
nupC	181.000000
gltX	458.000000
xapB	4.000000
xapA	1.000000
ligA	100.000000
cysK	97.000000
ptsH	1322.000000
ptsI	975.000000
crr	1320.000000
pdxK	44.000000
cysM	24.000000
cysA	3.000000
cysW	2.000000
cysU	2.000000
cysP	2.000000
murQ	12.000000
murP	7.000000
amiA	64.000000
hemF	42.000000
eutC	14.000000
eutB	15.000000
eutD	1.000000
maeB	60.000000
tktB	4.000000
nudK	14.000000
acrD	7.000000
dapE	90.000000
purC	83.000000
dapA	350.000000
bcp	279.000000
hyfA	1.000000
hyfB	1.000000
hyfF	1.000000
hyfG	1.000000
hyfH	1.000000
hyfI	2.000000
hyfJ	2.000000
focB	3.000000
uraA	97.000000
upp	527.000000
purM	76.000000
purN	79.000000
ppk	40.000000
ppx	34.000000
guaA	886.000000
guaB	792.000000
hisS	308.000000
ispG	197.000000
ndk	947.000000
pbpC	7.000000
sseA	43.000000
pepB	128.000000
iscA	731.000000
iscU	587.000000
iscS	620.000000
suhB	406.000000
hcaT	21.000000
hcaE	5.000000
hcaF	2.000000
hcaC	2.000000
hcaB	2.000000
hcaD	3.000000
glyA	382.000000
hmp	25.000000
purL	70.000000
mltF	17.000000
acpS	51.000000
pdxJ	68.000000
nadB	119.000000
eamB	9.000000
grcA	173.000000
trxC	63.000000
pssA	158.000000
kgtP	445.000000
pheA	68.000000
tyrA	56.000000
aroF	43.000000
nadK	23.000000
gabD	2.000000
gabT	3.000000
gabP	2.000000
nrdE	10.000000
nrdF	8.000000
proW	11.000000
proX	9.000000
ygaZ	118.000000
ygaH	110.000000
luxS	304.000000
gshA	158.000000
yqaB	77.000000
mltB	35.000000
srlA	2.000000
srlE	2.000000
srlB	3.000000
srlD	6.000000
gutQ	28.000000
norV	2.000000
norW	1.000000
ascF	4.000000
hycG	4.000000
hycF	2.000000
hycE	1.000000
hycD	1.000000
hycB	1.000000
ygbL	2.000000
surE	131.000000
ispF	148.000000
ispD	133.000000
cysC	3.000000
cysN	4.000000
cysD	2.000000
cysH	3.000000
cysI	4.000000
cysJ	2.000000
queD	85.000000
eno	1708.000000
pyrG	731.000000
mazG	41.000000
relA	64.000000
gudD	6.000000
gudX	2.000000
gudP	1.000000
queF	72.000000
sdaC	1044.000000
sdaB	560.000000
fucO	4.000000
fucA	1.000000
fucP	1.000000
fucI	3.000000
fucK	5.000000
csdA	44.000000
mltA	97.000000
amiC	68.000000
argA	5.000000
thyA	162.000000
lplT	29.000000
aas	26.000000
lysA	66.000000
araE	15.000000
glyU	10.000000
xdhA	1.000000
xdhB	1.000000
xdhC	2.000000
yqeA	4.000000
mocA	3.000000
xanQ	1.000000
guaD	4.000000
idi	6.000000
lysS	620.000000
dsbC	88.000000
fldB	130.000000
bglA	101.000000
gcvP	24.000000
gcvH	58.000000
gcvT	33.000000
ubiH	96.000000
fau	30.000000
serA	203.000000
rpiA	372.000000
scpA	1.000000
scpB	1.000000
scpC	1.000000
argO	28.000000
fbaA	887.000000
pgk	749.000000
epd	207.000000
yggF	2.000000
tktA	527.000000
speB	331.000000
speA	490.000000
metK	890.000000
galP	26.000000
gshB	124.000000
rdgB	82.000000
ansB	7.000000
mltC	46.000000
nupG	21.000000
speC	39.000000
glcA	3.000000
glcB	10.000000
glcD	1.000000
pitB	3.000000
gss	53.000000
hybC	35.000000
hybB	15.000000
hybA	15.000000
hybO	18.000000
exbD	133.000000
exbB	132.000000
metC	23.000000
dkgA	6.000000
plsC	97.000000
mdaB	76.000000
ygiN	239.000000
nudF	47.000000
tolC	334.000000
zupT	41.000000
ribB	134.000000
rfaE	157.000000
bacA	112.000000
folB	61.000000
ygiH	29.000000
ttdB	1.000000
ttdT	1.000000
sstT	139.000000
uxaA	7.000000
uxaC	7.000000
exuT	4.000000
tdcE	5.000000
tdcD	4.000000
tdcC	8.000000
tdcB	1.000000
garK	6.000000
garR	7.000000
garL	1.000000
garD	3.000000
kbaZ	1.000000
kbaY	1.000000
mtr	12.000000
argG	42.000000
glmM	272.000000
folP	118.000000
dacB	36.000000
ispB	206.000000
murA	296.000000
yrbG	51.000000
kdsD	103.000000
kdsC	115.000000
lptC	129.000000
lptA	153.000000
lptB	143.000000
gltB	95.000000
gltD	93.000000
nanK	6.000000
nanE	7.000000
nanT	2.000000
nanA	9.000000
mdh	354.000000
accB	1225.000000
accC	1138.000000
panF	72.000000
acrE	1.000000
acrF	4.000000
aroE	141.000000
fmt	234.000000
trkA	81.000000
kefB	13.000000
argD	44.000000
pabA	35.000000
nirB	3.000000
nirD	2.000000
nirC	12.000000
cysG	52.000000
frlB	3.000000
frlD	6.000000
yhfW	1.000000
trpS	319.000000
gph	171.000000
rpe	154.000000
aroB	443.000000
aroK	744.000000
mrcA	63.000000
nudE	128.000000
pck	234.000000
feoB	30.000000
bioH	36.000000
gntT	14.000000
malQ	24.000000
malP	31.000000
glpE	85.000000
glpD	9.000000
glgP	36.000000
glgA	44.000000
glgC	39.000000
glgX	30.000000
glgB	45.000000
asd	263.000000
gntU_1	7.000000
gntK	9.000000
ggt	2.000000
ugpQ	28.000000
ugpC	12.000000
ugpE	4.000000
ugpA	2.000000
ugpB	3.000000
livF	38.000000
livG	31.000000
livM	37.000000
livH	39.000000
livK	43.000000
livJ	62.000000
zntA	24.000000
acpT	51.000000
nikA	2.000000
nikB	2.000000
nikC	2.000000
nikD	2.000000
nikE	3.000000
pitA	499.000000
dtpB	8.000000
gor	139.000000
arsB	7.000000
arsC	8.000000
treF	8.000000
kdgK	75.000000
dctA	66.000000
dppF	45.000000
dppD	55.000000
dppC	55.000000
dppB	56.000000
dppA	124.000000
proK	12.000000
eptB	17.000000
bisC	30.000000
ghrB	73.000000
glyS	657.000000
glyQ	662.000000
xylB	8.000000
xylA	8.000000
xylF	1.000000
xylG	1.000000
xylH	3.000000
malS	3.000000
avtA	117.000000
yiaK	1.000000
lyxK	2.000000
sgbH	1.000000
sgbE	3.000000
aldB	1.000000
selA	62.000000
mtlA	40.000000
mtlD	65.000000
lldP	11.000000
lldD	18.000000
cysE	93.000000
gpsA	287.000000
grxC	474.000000
gpmM	210.000000
tdh	258.000000
kbl	213.000000
rfaD	380.000000
waaF	182.000000
waaC	83.000000
rfaL	47.000000
rfaZ	45.000000
waaY	62.000000
waaJ	66.000000
waaI	62.000000
waaB	59.000000
rfaS	49.000000
waaP	60.000000
waaG	59.000000
waaQ	70.000000
waaA	93.000000
coaD	88.000000
dfp	134.000000
dut	325.000000
pyrE	23.000000
gmk	382.000000
spoT	294.000000
gltS	40.000000
xanP	59.000000
ade	28.000000
uhpT	1.000000
ilvN	44.000000
ilvB	57.000000
yidK	1.000000
dgoT	2.000000
dgoK	6.000000
tnaA	2.000000
purP	258.000000
bglF	1.000000
pstB	106.000000
pstA	73.000000
pstC	76.000000
pstS	94.000000
glmS	475.000000
glmU	385.000000
atpC	2193.000000
atpD	2177.000000
atpG	1914.000000
atpA	2724.000000
atpH	2938.000000
atpF	3109.000000
atpE	4114.000000
atpB	1695.000000
atpI	764.000000
asnA	216.000000
kup	51.000000
rbsD	320.000000
rbsA	52.000000
rbsC	57.000000
rbsB	112.000000
rbsK	69.000000
ilvE	62.000000
ilvD	46.000000
ilvA	37.000000
ilvC	28.000000
gpp	89.000000
trxA	1000.000000
rfe	241.000000
wzzE	192.000000
rffE	167.000000
rffD	161.000000
rffG	128.000000
rffH	117.000000
rffC	73.000000
rffA	87.000000
wzxE	67.000000
wzyE	38.000000
rffM	60.000000
hemX	100.000000
hemD	79.000000
hemC	105.000000
cyaA	152.000000
cyaY	138.000000
dapF	182.000000
corA	171.000000
pldA	80.000000
rhtC	27.000000
rhtB	8.000000
pldB	73.000000
yigL	48.000000
metE	19.000000
udp	86.000000
ubiE	225.000000
ubiB	71.000000
ubiD	182.000000
fre	200.000000
fadA	3.000000
fadB	2.000000
trkH	65.000000
hemG	64.000000
alaT	6.000000
mobB	21.000000
mobA	22.000000
dsbA	364.000000
hemN	77.000000
glnA	88.000000
yihU	1.000000
fdoI	93.000000
fdoH	67.000000
fdoG	137.000000
rhaB	1.000000
rhaT	2.000000
sodA	1155.000000
kdgT	7.000000
fieF	84.000000
pfkA	189.000000
sbp	3.000000
cdh	40.000000
tpiA	398.000000
fpr	40.000000
glpX	45.000000
glpK	13.000000
glpF	7.000000
menA	81.000000
metB	55.000000
metL	71.000000
metF	12.000000
katG	126.000000
gldA	7.000000
fsaB	2.000000
pflD	2.000000
pflC	3.000000
ppc	109.000000
argE	20.000000
argC	10.000000
argB	12.000000
argH	20.000000
sthA	75.000000
btuB	126.000000
murI	105.000000
murB	102.000000
coaA	66.000000
thiH	2.000000
thiG	3.000000
thiF	2.000000
thiE	3.000000
thiC	4.000000
nudC	39.000000
hemE	120.000000
purD	56.000000
purH	71.000000
metA	22.000000
aceB	73.000000
aceA	64.000000
metH	39.000000
lysC	42.000000
pgi	305.000000
xylE	3.000000
malG	4.000000
malF	6.000000
malE	21.000000
malK	2.000000
lamB	6.000000
ubiC	76.000000
ubiA	84.000000
plsB	143.000000
dgkA	81.000000
alr	91.000000
tyrB	61.000000
aphA	12.000000
actP	5.000000
acs	6.000000
nrfA	2.000000
nrfB	2.000000
nrfC	1.000000
nrfD	1.000000
gltP	155.000000
fdhF	10.000000
alsK	3.000000
alsE	2.000000
alsC	1.000000
alsA	1.000000
alsB	4.000000
rpiB	4.000000
phnN	2.000000
proP	70.000000
adiC	1.000000
adiA	2.000000
melA	4.000000
melB	2.000000
fumB	5.000000
dcuB	4.000000
lysU	64.000000
yjdL	3.000000
cadA	1.000000
cadB	1.000000
dipZ	35.000000
dcuA	162.000000
aspA	118.000000
frdD	33.000000
frdC	29.000000
frdB	34.000000
frdA	31.000000
psd	128.000000
rsgA	146.000000
amiB	69.000000
purA	611.000000
ulaG	6.000000
ulaA	1.000000
ulaB	3.000000
ulaC	2.000000
ulaD	6.000000
ulaE	4.000000
ulaF	4.000000
cycA	105.000000
ytfE	3.000000
cpdB	20.000000
cysQ	46.000000
msrA	23.000000
ppa	1796.000000
ytfQ	4.000000
ytfT	2.000000
yjfF	2.000000
fbp	267.000000
mpl	162.000000
nrdG	9.000000
nrdD	16.000000
treC	5.000000
treB	6.000000
mgtA	39.000000
pyrI	47.000000
pyrB	43.000000
argI	2.000000
valS	394.000000
lptF	152.000000
lptG	142.000000
idnT	5.000000
idnO	3.000000
idnD	1.000000
idnK	2.000000
fecE	11.000000
fecD	7.000000
fecC	8.000000
fecB	8.000000
fecA	8.000000
sgcE	3.000000
nanC	1.000000
gntP	5.000000
uxuA	19.000000
uxuB	17.000000
yjjL	3.000000
yjjN	1.000000
fhuF	49.000000
yjjG	84.000000
deoC	40.000000
deoA	28.000000
deoB	140.000000
deoD	348.000000
lplA	29.000000
serB	100.000000
slt	22.000000
yjjX	39.000000
ytjC	81.000000
glcF	2.000000
frlC	3.000000
dgoA	1.000000
ytfR	2.000000
thrL	1051.000000
yaaX	33.000000
yaaA	50.000000
yaaH	85.000000
yaaW	3.000000
yaaI	1.000000
dnaK	1504.000000
dnaJ	416.000000
rpsT	7935.000000
yaaY	16.000000
lspA	331.000000
fkpB	176.000000
caiE	2.000000
caiA	10.000000
fixA	1.000000
fixB	1.000000
fixC	1.000000
yaaU	1.000000
kefF	10.000000
apaG	140.000000
rsmA	186.000000
surA	272.000000
lptD	202.000000
djlA	63.000000
rluA	179.000000
hepA	226.000000
polB	13.000000
yabI	36.000000
leuL	470.000000
mraZ	264.000000
rsmH	183.000000
ftsL	198.000000
ftsW	106.000000
ftsQ	135.000000
ftsA	202.000000
ftsZ	396.000000
secM	199.000000
secA	219.000000
yacG	128.000000
zapD	113.000000
hofC	3.000000
hofB	3.000000
ampE	21.000000
yacL	89.000000
yacC	35.000000
yadG	42.000000
yadH	51.000000
yadI	13.000000
yadE	10.000000
yadD	10.000000
yadC	2.000000
yadK	1.000000
yadL	1.000000
yadM	1.000000
htrE	1.000000
pcnB	217.000000
gluQ	29.000000
dksA	707.000000
ligT	28.000000
hrpB	33.000000
erpA	618.000000
yadS	36.000000
degP	65.000000
yaeH	47.000000
yaeI	5.000000
glnD	27.000000
map	371.000000
rpsB	5729.000000
tsf	3118.000000
frr	1039.000000
rseP	218.000000
bamA	378.000000
hlpA	822.000000
rnhB	112.000000
dnaE	130.000000
yaeR	19.000000
tilS	39.000000
rof	87.000000
yaeQ	41.000000
arfB	30.000000
nlpE	34.000000
yaeF	3.000000
yaeB	67.000000
rcsF	94.000000
yafD	27.000000
yafE	17.000000
mltD	183.000000
yafS	17.000000
rnhA	43.000000
dnaQ	64.000000
yafT	8.000000
yafV	16.000000
ivy	52.000000
yafJ	50.000000
yafK	112.000000
yafQ	23.000000
yafL	2.000000
rayT	5.000000
dinB	12.000000
yafN	16.000000
yafO	10.000000
yafP	7.000000
frsA	48.000000
ykfB	11.000000
yafY	4.000000
ykfA	6.000000
afuC	2.000000
yagE	6.000000
yagF	8.000000
yagG	2.000000
yagH	3.000000
yagK	6.000000
yagL	3.000000
yagN	35.000000
intF	29.000000
paoD	2.000000
paoC	1.000000
paoB	1.000000
paoA	1.000000
yagU	55.000000
ykgJ	17.000000
ecpE	4.000000
ecpC	1.000000
ecpB	1.000000
ecpA	4.000000
ykgL	5.000000
ykgM	25.000000
ykgB	2.000000
ykgI	1.000000
ykgC	2.000000
ykgH	1.000000
yahA	26.000000
yahC	1.000000
yahF	1.000000
yahG	1.000000
yahJ	11.000000
yahK	7.000000
yahM	18.000000
yahN	2.000000
yahO	5.000000
prpE	1.000000
lacA	1.000000
yaiL	42.000000
yaiO	2.000000
yaiP	1.000000
yaiS	1.000000
ampH	29.000000
sbmA	13.000000
yaiY	2.000000
yaiZ	24.000000
iraP	16.000000
psiF	2.000000
adrA	1.000000
yaiI	34.000000
yaiA	37.000000
aroM	33.000000
yaiE	62.000000
rdgC	101.000000
araJ	11.000000
sbcC	19.000000
sbcD	24.000000
phoR	13.000000
proY	107.000000
queA	100.000000
tgt	524.000000
yajC	1037.000000
secD	483.000000
secF	466.000000
yajD	29.000000
yajI	2.000000
nusB	471.000000
yajO	18.000000
xseB	130.000000
yajL	47.000000
yajQ	417.000000
yajR	31.000000
yajG	196.000000
tig	1968.000000
clpP	385.000000
clpX	479.000000
lon	410.000000
ppiD	243.000000
ybaV	12.000000
fadM	3.000000
ybaE	2.000000
mdlA	25.000000
mdlB	18.000000
glnK	1.000000
ybaY	17.000000
atl	11.000000
ybaA	3.000000
ylaB	7.000000
ylaC	49.000000
hha	133.000000
tomB	82.000000
mscK	64.000000
ybaM	31.000000
priC	27.000000
ybaN	28.000000
ybaB	457.000000
recR	441.000000
htpG	418.000000
aes	2.000000
ybaL	49.000000
fsr	11.000000
ybaK	41.000000
ybaP	15.000000
ybaT	3.000000
ybbJ	14.000000
qmcA	16.000000
ybbL	15.000000
ybbM	13.000000
ybbN	153.000000
ybbO	42.000000
ybbA	9.000000
ybbP	7.000000
rhsD	2.000000
ybbC	5.000000
ybbY	1.000000
allE	12.000000
ylbF	1.000000
ppiB	730.000000
ybcI	3.000000
ybcJ	189.000000
sfmA	1.000000
sfmD	1.000000
sfmH	1.000000
sfmF	1.000000
intD	16.000000
emrE	48.000000
ybcK	1.000000
ybcL	3.000000
ybcM	3.000000
ybcQ	2.000000
essD	4.000000
rrrD	6.000000
rzpD	1.000000
borD	798.000000
ybcV	2.000000
ybcW	12.000000
ompT	1214.000000
ybcH	7.000000
nfrA	9.000000
nfrB	5.000000
cusS	10.000000
ybdG	33.000000
ybdF	12.000000
ybdJ	32.000000
ybdK	1.000000
entH	4.000000
cstA	16.000000
ybdH	15.000000
ybdL	7.000000
ybdM	2.000000
ybdN	2.000000
ahpC	1828.000000
ahpF	223.000000
uspG	51.000000
ybdR	3.000000
rnk	94.000000
rna	55.000000
dpiB	6.000000
crcB	34.000000
tatE	143.000000
ybeD	246.000000
rlpA	124.000000
mrdB	95.000000
rlmH	233.000000
rsfS	283.000000
holA	85.000000
lptE	349.000000
ybeL	11.000000
ybeQ	2.000000
ybeT	1.000000
djlC	3.000000
ybeX	157.000000
ybeY	137.000000
ybeZ	121.000000
miaB	228.000000
nagD	109.000000
chiP	3.000000
ybfE	62.000000
ybfF	29.000000
seqA	274.000000
ybfP	4.000000
kdpD	13.000000
ybfA	49.000000
rhsC	1.000000
ybfB	1.000000
ybfC	1.000000
ybgA	2.000000
phr	6.000000
ybgI	67.000000
ybgJ	63.000000
ybgK	53.000000
ybgL	38.000000
nei	22.000000
ybgO	1.000000
ybgP	1.000000
ybgE	123.000000
tolQ	171.000000
tolR	160.000000
tolA	114.000000
tolB	650.000000
pal	1725.000000
ybgF	666.000000
ybgS	3.000000
modF	19.000000
acrZ	532.000000
ybhI	1.000000
ybhJ	3.000000
ybhC	198.000000
ybhB	103.000000
uvrB	49.000000
ybhK	27.000000
moaB	93.000000
ybhL	75.000000
ybhM	3.000000
ybhP	1.000000
ybhQ	31.000000
ybhR	5.000000
ybhS	8.000000
ybhF	14.000000
ybhG	21.000000
rhlE	54.000000
ybiA	4.000000
dinG	15.000000
ybiB	34.000000
ybiC	30.000000
ybiJ	8.000000
ybiI	1.000000
ybiX	3.000000
mcbA	2.000000
rlmF	52.000000
ybiO	1.000000
dps	54.000000
ompX	2851.000000
ybiP	26.000000
yliL	1.000000
ybiR	30.000000
ybiS	220.000000
ybiT	140.000000
ybiU	8.000000
ybiW	1.000000
yliE	30.000000
yliF	33.000000
rimO	108.000000
bssR	1.000000
gstB	50.000000
ybjH	18.000000
ybjI	18.000000
ybjJ	19.000000
ybjL	40.000000
ybjM	10.000000
ybjC	65.000000
nfsA	61.000000
rimK	55.000000
ybjN	106.000000
ybjO	36.000000
rlmC	44.000000
ybjP	25.000000
ybjQ	37.000000
amiD	26.000000
ybjS	40.000000
ybjT	20.000000
hcr	2.000000
hcp	2.000000
ybjE	23.000000
ybjD	16.000000
ybjX	107.000000
macA	17.000000
macB	21.000000
cspD	77.000000
clpS	80.000000
clpA	108.000000
infA	1283.000000
aat	31.000000
ftsK	84.000000
lolA	87.000000
rarA	44.000000
ycaC	2.000000
ycaD	51.000000
ycaM	3.000000
ycaK	5.000000
ycaO	172.000000
ycaP	2.000000
ycaL	7.000000
rpsA	6239.000000
ycaI	3.000000
ycaQ	7.000000
ycaR	198.000000
ycbJ	4.000000
ycbC	9.000000
smtA	104.000000
mukF	112.000000
mukE	124.000000
mukB	138.000000
ycbB	17.000000
ycbK	111.000000
ycbL	140.000000
elfA	3.000000
elfC	1.000000
elfG	2.000000
ycbU	1.000000
ycbV	2.000000
ycbF	2.000000
zapC	41.000000
ycbX	28.000000
rlmL	115.000000
uup	122.000000
pqiA	48.000000
pqiB	52.000000
ymbA	51.000000
rmf	23.000000
ycbZ	81.000000
matP	32.000000
sulA	19.000000
sxy	7.000000
yccS	47.000000
yccF	68.000000
helD	26.000000
yccT	1.000000
yccU	40.000000
hspQ	210.000000
rlmI	124.000000
tusE	74.000000
yccA	447.000000
hyaD	2.000000
hyaE	2.000000
hyaF	1.000000
etk	9.000000
etp	7.000000
gfcE	5.000000
gfcD	2.000000
gfcC	4.000000
gfcB	2.000000
gfcA	8.000000
cspH	3.000000
cspG	12.000000
ymcE	76.000000
yccM	1.000000
torS	2.000000
torT	2.000000
torD	4.000000
cbpM	29.000000
cbpA	22.000000
yccE	1.000000
yccJ	11.000000
wrbA	11.000000
efeO	31.000000
efeB	19.000000
phoH	4.000000
pgaD	3.000000
pgaC	1.000000
pgaB	1.000000
pgaA	1.000000
ycdT	4.000000
ycdU	1.000000
ycdX	68.000000
ycdY	88.000000
ycdZ	61.000000
csgG	6.000000
csgF	1.000000
csgE	1.000000
csgA	3.000000
csgC	1.000000
ymdA	2.000000
ymdB	8.000000
ymdC	5.000000
mdoC	22.000000
mdoG	183.000000
mdoH	173.000000
yceK	9.000000
msyB	12.000000
mdtG	4.000000
yceA	147.000000
yceI	12.000000
yceJ	5.000000
yceO	1.000000
bssS	104.000000
dinI	147.000000
yceB	29.000000
mdtH	2.000000
rimJ	51.000000
yceH	49.000000
yceM	35.000000
flgN	5.000000
flgA	6.000000
flgB	9.000000
flgC	8.000000
flgD	10.000000
flgE	8.000000
flgF	6.000000
flgG	6.000000
flgH	3.000000
flgI	2.000000
flgJ	2.000000
flgK	3.000000
flgL	3.000000
rne	174.000000
yceQ	1.000000
rluC	158.000000
yceF	26.000000
yceD	3835.000000
rpmF	5504.000000
yceG	44.000000
holB	62.000000
ycfH	66.000000
hinT	119.000000
ycfL	124.000000
lpoB	97.000000
ycfP	70.000000
ycfJ	20.000000
bhsA	40.000000
ycfS	21.000000
mfd	44.000000
lolC	63.000000
lolD	67.000000
lolE	65.000000
cobB	49.000000
ycfZ	3.000000
ymfA	9.000000
pepT	16.000000
ycfD	92.000000
phoQ	35.000000
hflD	156.000000
mnmA	183.000000
rluE	27.000000
ymfD	5.000000
ymfE	2.000000
lit	4.000000
intE	3.000000
xisE	3.000000
ymfI	18.000000
ymfJ	3.000000
ymfM	1.000000
ymfR	1.000000
tfaE	1.000000
pinE	1.000000
mcrA	7.000000
iraM	2.000000
ycgX	16.000000
bluF	1.000000
ycgZ	9.000000
ymgA	5.000000
ariR	6.000000
ymgC	2.000000
ycgG	1.000000
ymgD	29.000000
ymgG	34.000000
minE	267.000000
minD	258.000000
minC	153.000000
ycgJ	23.000000
pliG	15.000000
ycgL	91.000000
ycgM	50.000000
ycgN	40.000000
umuD	7.000000
umuC	4.000000
ycgB	1.000000
cvrA	13.000000
ycgR	1.000000
ymgE	1.000000
ycgY	1.000000
ycgV	3.000000
ychF	327.000000
pth	127.000000
ychH	15.000000
lolB	56.000000
prfA	72.000000
prmC	45.000000
chaB	3.000000
chaC	11.000000
ychN	74.000000
ychO	7.000000
narX	19.000000
tpr	68.000000
ychJ	101.000000
rssA	32.000000
rssB	25.000000
ychE	25.000000
yciU	80.000000
yciI	40.000000
yciA	147.000000
yciB	75.000000
yciC	74.000000
ompW	11.000000
yciE	1.000000
trpL	42.000000
yciV	37.000000
yciO	56.000000
yciQ	8.000000
rluB	244.000000
yciK	24.000000
sohB	71.000000
yciN	199.000000
topA	200.000000
yciS	89.000000
yciM	42.000000
yciH	133.000000
osmB	33.000000
gmr	6.000000
rnb	213.000000
yciW	9.000000
ycjD	8.000000
sapF	29.000000
sapC	29.000000
sapB	34.000000
sapA	35.000000
ymjA	20.000000
pspA	40.000000
pspD	15.000000
ycjQ	1.000000
ycjR	1.000000
ycjS	1.000000
ycjT	1.000000
ycjX	24.000000
ycjF	23.000000
tpx	1028.000000
ycjY	1.000000
ynaI	23.000000
ynaJ	345.000000
uspE	38.000000
ogt	11.000000
abgT	1.000000
abgB	1.000000
abgA	1.000000
smrA	35.000000
ydaM	2.000000
ydaN	23.000000
dbpA	17.000000
ttcA	128.000000
intR	16.000000
rcbA	2.000000
lar	1.000000
recT	2.000000
recE	1.000000
kilR	1.000000
sieB	2.000000
ydaT	2.000000
ydaU	1.000000
ydaV	1.000000
ynaK	3.000000
stfR	1.000000
uspF	9.000000
hslJ	78.000000
ydbH	16.000000
ynbE	26.000000
ydbL	19.000000
paaI	1.000000
paaY	16.000000
ydbC	3.000000
ydbD	1.000000
ynbC	2.000000
ynbD	3.000000
azoR	27.000000
hrpA	46.000000
ydcF	31.000000
cybB	67.000000
ydcA	29.000000
mokB	11.000000
trg	2.000000
ydcJ	2.000000
mdoD	42.000000
ydcH	11.000000
rimL	13.000000
ydcK	1.000000
tehA	14.000000
tehB	33.000000
ydcL	30.000000
ydcO	2.000000
ydcP	71.000000
yncJ	2.000000
hicB	12.000000
ydcX	30.000000
ydcY	176.000000
ydcZ	9.000000
mnaT	13.000000
curA	4.000000
yncD	21.000000
yncE	61.000000
yncG	1.000000
ydcD	3.000000
pptA	16.000000
yddH	2.000000
yddE	14.000000
sra	9.000000
osmC	17.000000
dosC	2.000000
yddW	22.000000
pqqL	4.000000
yddB	2.000000
yddA	1.000000
ydeN	1.000000
ydeP	2.000000
ydeR	1.000000
ydeS	1.000000
lsrK	2.000000
lsrD	1.000000
lsrB	1.000000
lsrF	1.000000
lsrG	2.000000
yneE	11.000000
yneF	13.000000
yneG	31.000000
yneK	1.000000
marC	17.000000
marB	39.000000
ydeE	5.000000
ydeH	2.000000
dcp	39.000000
ydfZ	14.000000
ydfI	3.000000
ydfN	1.000000
ydfO	4.000000
gnsB	106.000000
cspI	1.000000
ydfR	1.000000
essQ	1.000000
cspF	12.000000
rem	5.000000
hokD	82.000000
relE	51.000000
flxA	1.000000
ydfA	6.000000
ydfB	3.000000
dicB	2.000000
ydfD	2.000000
rspA	1.000000
ynfA	10.000000
ynfB	84.000000
ynfC	14.000000
ynfD	13.000000
dmsD	32.000000
ynfK	10.000000
ynfM	5.000000
asr	1.000000
ydgD	17.000000
tqsA	5.000000
ydgH	137.000000
ydgC	13.000000
rstB	16.000000
tus	10.000000
ydgA	92.000000
uidB	1.000000
hdhA	49.000000
ydgJ	30.000000
cnu	39.000000
ydgK	82.000000
rsxA	87.000000
rsxB	70.000000
rsxC	55.000000
rsxD	53.000000
rsxG	56.000000
rsxE	46.000000
nth	41.000000
gstA	27.000000
mliC	8.000000
slyB	699.000000
ydhI	27.000000
ydhJ	20.000000
ydhK	10.000000
ydhF	30.000000
ydhL	4.000000
nemA	21.000000
rnt	47.000000
lhr	3.000000
ydhO	18.000000
ydhP	10.000000
ydhC	60.000000
mdtK	55.000000
ydhQ	56.000000
ydhR	78.000000
ydhS	1.000000
ydhT	1.000000
ydhU	2.000000
ydhW	2.000000
ydhV	1.000000
ydhY	1.000000
ydhZ	43.000000
ynhG	6.000000
ydiH	6.000000
ydiI	44.000000
ydiJ	41.000000
ydiK	57.000000
ydiF	1.000000
ydiO	1.000000
ydiQ	1.000000
ydiR	1.000000
ydiS	1.000000
ppsR	17.000000
ydiE	15.000000
ydiU	36.000000
ydiV	12.000000
nlpC	54.000000
pheM	103.000000
rplT	7393.000000
rpmI	7273.000000
infC	5767.000000
ydiY	270.000000
ydiZ	8.000000
yniA	7.000000
yniB	40.000000
yniC	47.000000
ydjM	11.000000
ydjN	19.000000
cedA	32.000000
chbG	8.000000
chbA	7.000000
chbC	6.000000
chbB	15.000000
cho	7.000000
spy	7.000000
xthA	105.000000
ydjX	1.000000
ydjY	2.000000
ydjZ	5.000000
ynjA	9.000000
ynjB	8.000000
ynjC	4.000000
ynjD	6.000000
ynjE	9.000000
ynjF	13.000000
ynjH	2.000000
ynjI	3.000000
topB	82.000000
ydjA	71.000000
sppA	53.000000
ydjE	2.000000
ydjG	2.000000
ydjH	1.000000
ydjJ	1.000000
ydjK	1.000000
ydjL	1.000000
yeaC	107.000000
yeaD	40.000000
mipA	616.000000
yeaG	3.000000
yeaH	1.000000
yeaJ	16.000000
yeaK	32.000000
yoaI	1.000000
yeaL	10.000000
yeaN	4.000000
yeaO	13.000000
yoaF	24.000000
yeaP	24.000000
yeaQ	55.000000
yoaG	2.000000
leuE	30.000000
yeaX	1.000000
rnd	53.000000
yeaY	98.000000
tsaB	115.000000
yoaA	21.000000
yoaB	123.000000
yoaC	16.000000
yoaH	34.000000
nudL	21.000000
yoaE	47.000000
yobD	20.000000
mntP	24.000000
rlmA	43.000000
yobF	2558.000000
yebO	214.000000
mgrB	107.000000
yebQ	2.000000
htpX	289.000000
prc	203.000000
proQ	691.000000
msrC	165.000000
yebS	14.000000
yebT	15.000000
rsmF	29.000000
yebV	7.000000
yebW	18.000000
pphA	2.000000
yebY	91.000000
yebZ	78.000000
yobA	77.000000
holE	39.000000
yobB	11.000000
exoX	26.000000
ptrB	5.000000
yebE	5.000000
yebF	53.000000
yebG	63.000000
yebA	37.000000
ruvB	43.000000
ruvA	54.000000
yebB	1.000000
ruvC	267.000000
yebC	461.000000
yecD	30.000000
yecE	14.000000
yecN	117.000000
cmoA	104.000000
cmoB	101.000000
cutC	33.000000
yecM	30.000000
yecT	4.000000
flhE	2.000000
flhA	2.000000
flhB	2.000000
cheZ	3.000000
cheY	2.000000
cheB	1.000000
tar	1.000000
cheW	4.000000
cheA	2.000000
motB	1.000000
motA	1.000000
uspC	5.000000
araH_2	2.000000
ftnB	26.000000
yecR	2.000000
ftnA	114.000000
yecH	5.000000
yecA	37.000000
uvrC	57.000000
yecF	160.000000
yecC	31.000000
yecS	29.000000
fliY	43.000000
fliC	10.000000
fliD	1.000000
fliS	2.000000
fliT	2.000000
yedD	154.000000
yedE	136.000000
yedF	139.000000
yedK	2.000000
yedL	3.000000
fliE	7.000000
fliF	3.000000
fliG	4.000000
fliH	3.000000
fliI	2.000000
fliJ	1.000000
fliK	1.000000
fliL	5.000000
fliM	5.000000
fliN	4.000000
fliO	3.000000
fliP	2.000000
fliQ	3.000000
dsrB	76.000000
yodD	2.000000
yedP	2.000000
yedQ	8.000000
yodC	22.000000
yedI	23.000000
yedA	2.000000
vsr	17.000000
dcm	34.000000
yedJ	31.000000
yedR	34.000000
hchA	18.000000
yedV	8.000000
yedY	6.000000
yedZ	4.000000
zinT	11.000000
yodB	1.000000
mtfA	14.000000
yeeJ	2.000000
yeeN	130.000000
yeeO	3.000000
erfK	13.000000
flu	4.000000
yeeR	1.000000
yeeS	1.000000
yeeX	296.000000
yeeA	19.000000
sbmC	6.000000
sbcB	24.000000
yeeD	13.000000
yeeE	4.000000
plaP	1286.000000
yeeZ	53.000000
hisL	448.000000
galF	411.000000
wcaM	2.000000
wcaL	2.000000
wzxC	1.000000
wcaJ	1.000000
wcaI	1.000000
wcaC	1.000000
yegH	26.000000
asmA	43.000000
yegE	4.000000
alkA	4.000000
yegD	32.000000
yegI	1.000000
yegJ	1.000000
yegL	1.000000
mdtA	10.000000
mdtB	8.000000
mdtC	6.000000
mdtD	4.000000
baeS	4.000000
yegP	2.000000
yegQ	159.000000
yegR	2.000000
yegS	1.000000
yegT	2.000000
yegU	9.000000
yegV	5.000000
yegX	4.000000
rcnA	5.000000
rcnB	53.000000
yehB	1.000000
yehE	11.000000
mrp	216.000000
yehI	1.000000
yehL	1.000000
yehM	1.000000
yehP	1.000000
yehR	3.000000
yehS	49.000000
yehU	14.000000
yohC	2.000000
yohD	13.000000
yohF	1.000000
dusC	37.000000
yohJ	8.000000
yohK	9.000000
sanA	28.000000
yeiS	18.000000
yeiB	29.000000
yeiH	18.000000
nfo	39.000000
yeiI	21.000000
nupX	1.000000
yeiM	3.000000
yeiP	200.000000
yeiQ	12.000000
yeiR	27.000000
spr	435.000000
rtn	8.000000
yejA	7.000000
yejB	7.000000
yejE	8.000000
yejF	8.000000
yejG	115.000000
bcr	61.000000
rsuA	116.000000
yejH	9.000000
rplY	3340.000000
yejK	99.000000
yejL	228.000000
yejM	77.000000
ccmH	15.000000
ccmG	13.000000
ccmF	16.000000
napD	9.000000
napF	7.000000
eco	33.000000
yojI	38.000000
alkB	4.000000
apbE	25.000000
rcsD	47.000000
rcsC	19.000000
atoS	1.000000
yfaP	1.000000
yfaQ	1.000000
yfaT	1.000000
yfaA	4.000000
gyrA	415.000000
yfaL	3.000000
yfaE	219.000000
inaA	19.000000
yfaD	8.000000
yfaY	34.000000
yfaZ	123.000000
ais	6.000000
pmrD	24.000000
elaB	27.000000
elaA	19.000000
ecoZ	23.000000
yfbK	1.000000
yfbL	1.000000
yfbM	1.000000
yfbN	1.000000
yfbO	3.000000
yfbP	4.000000
yfbS	8.000000
yfbT	86.000000
yfbU	102.000000
yfbV	34.000000
yfcC	2.000000
yfcD	146.000000
yfcE	141.000000
yfcF	5.000000
yfcH	105.000000
yfcI	4.000000
cvpA	147.000000
dedD	119.000000
dedA	97.000000
truA	132.000000
usg	118.000000
flk	32.000000
yfcJ	14.000000
mnmC	26.000000
yfcL	105.000000
epmC	50.000000
yfcA	45.000000
prmB	133.000000
smrB	42.000000
yfcO	22.000000
yfcP	1.000000
yfcQ	1.000000
yfcR	1.000000
sixA	115.000000
yfcZ	291.000000
yfdF	1.000000
mlaA	248.000000
yfdC	2.000000
intS	22.000000
yfdK	3.000000
yfdP	1.000000
yfdQ	2.000000
yfdR	1.000000
yfdT	1.000000
emrY	1.000000
emrK	1.000000
evgS	5.000000
yfdE	1.000000
yfdV	1.000000
yfdX	1.000000
ypdI	1.000000
yfdY	28.000000
ypdA	9.000000
fryA	1.000000
ypdE	1.000000
ypdF	1.000000
yfeO	2.000000
ypeC	6.000000
yfeA	26.000000
yfeN	2.000000
yfeH	36.000000
zipA	270.000000
cysZ	41.000000
yfeK	3.000000
yfeS	6.000000
ucpA	64.000000
yfeW	5.000000
yfeX	143.000000
yfeY	61.000000
yfeZ	46.000000
ypeA	60.000000
eutK	17.000000
eutL	15.000000
intZ	13.000000
yffL	7.000000
yffM	1.000000
yffN	1.000000
yffO	1.000000
yffP	2.000000
yffQ	2.000000
yffR	22.000000
yffS	28.000000
eutA	1.000000
eutH	1.000000
eutJ	1.000000
eutE	1.000000
eutM	3.000000
eutT	1.000000
eutQ	1.000000
ypfG	3.000000
aegA	2.000000
narQ	8.000000
yffB	76.000000
ypfH	24.000000
tmcA	25.000000
ypfJ	58.000000
bamC	342.000000
yfgO	41.000000
yfgC	30.000000
yfgD	116.000000
hda	79.000000
yfgF	2.000000
yfgG	33.000000
yfgH	2.000000
yfgI	2.000000
xseA	76.000000
yfgJ	87.000000
der	189.000000
bamB	311.000000
yfgM	269.000000
rodZ	128.000000
rlmN	220.000000
yfhM	21.000000
sseB	92.000000
iscX	340.000000
fdx	303.000000
hscA	277.000000
hscB	253.000000
trmJ	185.000000
yfhR	2.000000
csiE	4.000000
yphA	7.000000
yphB	4.000000
yphC	4.000000
yphD	1.000000
yphE	1.000000
yphF	1.000000
yphG	1.000000
glnB	189.000000
yfhG	27.000000
glrK	17.000000
tadA	74.000000
pgpC	20.000000
yfhL	46.000000
recO	90.000000
era	265.000000
rnc	258.000000
lepB	263.000000
lepA	316.000000
rseA	146.000000
yfiC	21.000000
srmB	116.000000
ung	45.000000
yfiF	176.000000
yfiP	26.000000
pka	9.000000
yfiM	11.000000
clpB	230.000000
yfiH	85.000000
rluD	104.000000
bamD	268.000000
raiA	145.000000
pheL	219.000000
yfiL	1.000000
yfiR	19.000000
yfiN	7.000000
yfiB	10.000000
rplS	5379.000000
trmD	5343.000000
rimM	6215.000000
rpsP	5468.000000
ffh	253.000000
ypjD	47.000000
grpE	680.000000
recN	40.000000
bamE	351.000000
ratB	107.000000
ratA	176.000000
smpB	117.000000
intA	25.000000
yfjH	4.000000
yfjJ	1.000000
yfjK	8.000000
yfjL	14.000000
yfjM	4.000000
rnlA	58.000000
rnlB	44.000000
yfjP	2.000000
yfjS	2.000000
yfjT	1.000000
yfjW	3.000000
yfjZ	1.000000
ypjF	1.000000
ypjA	2.000000
csiD	1.000000
lhgO	1.000000
ygaU	26.000000
yqaE	80.000000
ygaP	9.000000
alaE	8.000000
ygaC	8.000000
ygaM	4.000000
nrdH	29.000000
nrdI	23.000000
emrA	72.000000
emrB	58.000000
yqaA	120.000000
csrA	767.000000
recX	10.000000
recA	314.000000
pncC	61.000000
hypF	4.000000
hydN	2.000000
ascB	5.000000
hycI	18.000000
hycH	9.000000
hypA	5.000000
hypB	9.000000
hypC	6.000000
hypD	8.000000
hypE	9.000000
ygbA	6.000000
mutS	61.000000
pphB	2.000000
ygbJ	2.000000
ygbK	2.000000
ygbM	3.000000
ygbN	2.000000
nlpD	214.000000
pcm	102.000000
truD	154.000000
ftsB	234.000000
ygbE	14.000000
iap	13.000000
cas2	6.000000
cas1	6.000000
casE	5.000000
casD	4.000000
casC	2.000000
casB	2.000000
casA	1.000000
cas3	1.000000
ygcN	7.000000
ygcO	3.000000
ygcP	2.000000
ygcQ	2.000000
ygcR	2.000000
ygcS	1.000000
ygcW	1.000000
ygcE	1.000000
queE	51.000000
ygcG	1.000000
mazF	50.000000
mazE	65.000000
rlmD	47.000000
barA	22.000000
yqcA	70.000000
truC	63.000000
yqcC	64.000000
syd	45.000000
ygdH	54.000000
ygdG	30.000000
fucU	26.000000
rlmM	133.000000
ygdD	117.000000
ygdI	14.000000
csdE	48.000000
csdL	110.000000
recD	21.000000
recB	29.000000
ptrA	26.000000
recC	27.000000
ppdC	12.000000
ygdB	6.000000
ppdB	3.000000
ppdA	3.000000
lgt	126.000000
ptsP	85.000000
rppH	156.000000
mutH	15.000000
ygdQ	86.000000
ygdR	46.000000
tas	48.000000
ygeA	17.000000
kduD	10.000000
kduI	6.000000
yqeF	29.000000
yqeG	61.000000
yqeH	3.000000
yqeI	2.000000
yqeJ	1.000000
yqeK	1.000000
ygeI	1.000000
ygeR	44.000000
ygeY	1.000000
hyuA	1.000000
yqeB	2.000000
yqeC	1.000000
ygfK	1.000000
ssnA	1.000000
ygfM	1.000000
xdhD	3.000000
ygfS	3.000000
ygfT	1.000000
prfB	523.000000
recJ	84.000000
xerD	63.000000
cptA	99.000000
cptB	120.000000
ygfZ	191.000000
yqfA	26.000000
yqfB	73.000000
ygfF	3.000000
visC	55.000000
pepP	135.000000
ygfB	174.000000
zapA	283.000000
argK	1.000000
yggE	100.000000
mscS	248.000000
yggC	32.000000
cmtA	1.000000
loiP	36.000000
yqgB	434.000000
yggI	15.000000
endA	11.000000
rsmE	82.000000
yqgE	82.000000
yqgF	63.000000
yggR	1.000000
yggS	75.000000
yggT	123.000000
yggU	77.000000
yggW	63.000000
yggM	1.000000
yggN	76.000000
yggL	349.000000
trmI	250.000000
mutY	64.000000
yggX	232.000000
yqgA	5.000000
yghD	10.000000
yghG	70.000000
pppA	81.000000
glcG	7.000000
yghQ	1.000000
yghR	1.000000
yghS	1.000000
yghU	14.000000
hybG	22.000000
hybF	17.000000
hybE	43.000000
hybD	46.000000
yghW	3.000000
yqhA	173.000000
yghA	1.000000
yghB	32.000000
yqhD	25.000000
yqhG	2.000000
yqhH	3.000000
ftsP	99.000000
parC	143.000000
ygiS	7.000000
mqsR	48.000000
ygiW	47.000000
qseC	9.000000
parE	151.000000
yqiA	118.000000
cpdA	142.000000
yqiB	102.000000
ygiB	138.000000
ygiC	120.000000
ygiD	5.000000
yqiC	119.000000
ygiL	4.000000
yqiH	1.000000
yqiI	2.000000
glgS	18.000000
yqiJ	1.000000
yqiK	2.000000
glnE	44.000000
ygiF	62.000000
ygiM	30.000000
cca	42.000000
tsaD	99.000000
rpsU	5022.000000
dnaG	247.000000
mug	27.000000
yqjH	12.000000
aer	4.000000
ygjH	2.000000
ebgA	2.000000
ebgC	2.000000
ygjK	1.000000
fadH	1.000000
higB	15.000000
rlmG	57.000000
ygjP	14.000000
ygjQ	3.000000
ygjR	13.000000
alx	33.000000
ygjV	5.000000
yqjA	97.000000
mzrA	58.000000
yqjC	73.000000
yqjD	129.000000
yqjE	143.000000
yqjK	120.000000
yqjF	7.000000
yqjG	7.000000
yhaH	57.000000
yhaI	4.000000
yhaK	5.000000
yhaL	41.000000
yhaO	46.000000
tdcF	10.000000
prlF	31.000000
yhaV	25.000000
agaV	2.000000
agaC	1.000000
agaI	1.000000
yraH	4.000000
yraJ	2.000000
yraK	3.000000
rsmI	46.000000
lpoA	62.000000
yraN	51.000000
diaA	90.000000
yraP	79.000000
yraQ	38.000000
yraR	10.000000
yhbP	9.000000
yhbQ	18.000000
yhbS	86.000000
yhbT	112.000000
yhbU	1.000000
yhbV	2.000000
yhbW	14.000000
deaD	481.000000
nlpI	653.000000
pnp	694.000000
rpsO	5549.000000
truB	276.000000
rbfA	311.000000
infB	827.000000
nusA	697.000000
rimP	636.000000
yhbX	3.000000
secG	3452.000000
ftsH	642.000000
rlmE	284.000000
yhbY	531.000000
greA	279.000000
obgE	292.000000
yhbE	285.000000
rpmA	6202.000000
rplU	7005.000000
mlaB	220.000000
mlaC	234.000000
mlaD	189.000000
mlaE	156.000000
mlaF	136.000000
hpf	167.000000
ptsN	154.000000
yhbJ	121.000000
npr	50.000000
yrbL	74.000000
mtgA	31.000000
elbB	98.000000
arcB	29.000000
yhcC	2.000000
gltF	15.000000
yhcA	1.000000
yhcD	2.000000
yhcG	5.000000
yhcH	7.000000
dcuD	1.000000
sspB	632.000000
sspA	658.000000
rpsI	9251.000000
rplM	7749.000000
yhcM	23.000000
yhcB	209.000000
degQ	30.000000
degS	48.000000
yhcN	46.000000
yhcO	5.000000
aaeB	6.000000
aaeA	6.000000
aaeX	6.000000
tldD	95.000000
rng	86.000000
yhdE	101.000000
mreD	136.000000
mreC	231.000000
mreB	548.000000
csrD	28.000000
yhdH	26.000000
yhdT	73.000000
prmA	129.000000
dusB	1170.000000
yhdJ	5.000000
yhdU	16.000000
yhdV	4.000000
yhdX	1.000000
yhdY	1.000000
yhdZ	6.000000
yrdA	46.000000
yrdB	97.000000
tsaC	157.000000
yrdD	121.000000
smg	137.000000
smf_2	33.000000
smf_1	33.000000
def	278.000000
rsmB	91.000000
mscL	138.000000
yhdN	28.000000
rplQ	10607.000000
rpoA	11949.000000
rpsD	12444.000000
rpsK	11889.000000
rpsM	12246.000000
rpmJ	13215.000000
secY	11006.000000
rplO	11311.000000
rpmD	11199.000000
rpsE	11927.000000
rplR	10710.000000
rplF	11142.000000
rpsH	10562.000000
rpsN	10516.000000
rplE	12510.000000
rplX	11876.000000
rplN	13396.000000
rpsQ	11386.000000
rpmC	9284.000000
rplP	8946.000000
rpsC	9553.000000
rplV	10935.000000
rpsS	10161.000000
rplB	10230.000000
rplW	9163.000000
rplD	11087.000000
rplC	10066.000000
rpsJ	11053.000000
gspB	6.000000
gspA	1.000000
gspC	1.000000
gspD	2.000000
gspE	1.000000
gspF	1.000000
gspG	1.000000
gspH	1.000000
gspI	2.000000
gspJ	1.000000
gspK	1.000000
gspL	2.000000
gspM	2.000000
gspO	2.000000
bfr	20.000000
bfd	14.000000
chiA	10.000000
fusA	9266.000000
rpsG	7943.000000
rpsL	8609.000000
tusB	110.000000
tusC	78.000000
tusD	86.000000
fkpA	361.000000
slyX	130.000000
slyD	1238.000000
kefG	21.000000
yheS	72.000000
yheT	50.000000
yheU	44.000000
prkB	16.000000
yhfA	53.000000
yhfK	32.000000
fic	5.000000
yhfG	20.000000
ppiA	148.000000
tsgA	55.000000
yhfL	15.000000
yhfS	5.000000
yhfT	2.000000
yhfU	1.000000
php	1.000000
yhfX	1.000000
yhfY	6.000000
yhfZ	13.000000
dam	152.000000
damX	355.000000
hofQ	1.000000
hofP	1.000000
hofO	1.000000
hofN	2.000000
hofM	4.000000
yrfF	37.000000
yrfG	114.000000
hslR	158.000000
hslO	229.000000
yhgE	10.000000
envZ	48.000000
greB	39.000000
yhgF	122.000000
feoA	22.000000
yhgA	5.000000
gntX	61.000000
nfuA	378.000000
rtcB	7.000000
glpG	109.000000
yhgN	46.000000
gntU_2	7.000000
yhhW	13.000000
yhhX	33.000000
yhhY	5.000000
yrhB	7.000000
yhhA	9.000000
yhhK	42.000000
ftsX	139.000000
ftsE	185.000000
ftsY	151.000000
rsmD	41.000000
yhhL	42.000000
yhhM	45.000000
yhhN	32.000000
tusA	110.000000
yhhQ	33.000000
dcrB	249.000000
yhhS	23.000000
yhhT	5.000000
rhsB	1.000000
yhhH	3.000000
yhhJ	27.000000
rbbA	34.000000
yhiI	60.000000
yhiJ	1.000000
yhiM	2.000000
yhiN	65.000000
uspB	18.000000
uspA	327.000000
rsmJ	80.000000
prlC	112.000000
rlmJ	71.000000
slp	4.000000
yhiD	1.000000
hdeB	9.000000
hdeA	23.000000
hdeD	7.000000
mdtE	1.000000
mdtF	2.000000
yhjA	3.000000
yhjD	12.000000
yhjE	10.000000
yhjG	2.000000
yhjH	1.000000
yhjJ	55.000000
yhjK	29.000000
bcsC	10.000000
bcsZ	8.000000
bcsB	8.000000
bcsA	7.000000
yhjR	106.000000
bcsE	53.000000
bcsF	38.000000
bcsG	32.000000
yhjV	29.000000
yhjX	1.000000
yhjY	4.000000
tag	20.000000
yiaC	12.000000
yiaD	89.000000
yiaF	343.000000
insJ	8.000000
insK	6.000000
wecH	5.000000
yiaA	1.000000
bax	113.000000
ysaA	10.000000
sgbU	1.000000
yiaT	4.000000
yiaV	2.000000
yiaW	2.000000
yiaY	1.000000
selB	74.000000
yibF	19.000000
yibA	9.000000
yibG	2.000000
yibH	5.000000
yibI	2.000000
yibL	89.000000
trmL	44.000000
secB	674.000000
yibN	547.000000
envC	112.000000
yibQ	45.000000
yibD	3.000000
htrL	64.000000
mutM	59.000000
rpmG	7551.000000
rpmB	6549.000000
yicR	100.000000
slmA	219.000000
rph	227.000000
yicC	141.000000
dinD	4.000000
yicG	9.000000
ligB	2.000000
rpoZ	898.000000
trmH	140.000000
recG	48.000000
yicH	30.000000
yicI	3.000000
yicJ	1.000000
setC	1.000000
yicL	17.000000
nlpA	17.000000
nepI	16.000000
yicN	15.000000
yicO	1.000000
uhpC	10.000000
uhpB	16.000000
ivbL	291.000000
emrD	40.000000
yidG	8.000000
yidH	8.000000
yidI	7.000000
yidJ	1.000000
yidE	23.000000
ibpB	83.000000
ibpA	176.000000
yidQ	47.000000
yidR	13.000000
cbrA	3.000000
yidX	14.000000
yidA	68.000000
yidB	41.000000
gyrB	281.000000
recF	89.000000
dnaN	193.000000
rpmH	6975.000000
rnpA	1407.000000
yidC	882.000000
mnmE	90.000000
tnaC	5.000000
mdtL	7.000000
yieE	18.000000
yieF	35.000000
yieH	19.000000
cbrB	7.000000
cbrC	13.000000
yieK	6.000000
yieL	3.000000
bglH	1.000000
bglB	1.000000
bglG	1.000000
phoU	109.000000
rsmG	105.000000
mnmG	214.000000
mioC	264.000000
viaA	12.000000
ravA	15.000000
hsrA	10.000000
yieP	51.000000
yifE	2278.000000
yifB	2.000000
ilvL	1508.000000
ilvM	22.000000
ppiC	246.000000
rep	60.000000
rhlB	239.000000
yifK	206.000000
aslB	3.000000
aslA	2.000000
hemY	94.000000
yigA	129.000000
xerC	82.000000
yigB	61.000000
uvrD	76.000000
yigF	13.000000
yigG	4.000000
rarD	44.000000
yigI	71.000000
recQ	51.000000
yigM	61.000000
ysgA	7.000000
rmuC	13.000000
yigP	163.000000
tatA	349.000000
tatB	280.000000
tatC	226.000000
yigW_1	31.000000
yigW_2	31.000000
pepQ	118.000000
yigZ	73.000000
yihD	118.000000
rdoA	108.000000
yihF	2.000000
yihG	21.000000
polA	88.000000
yihA	171.000000
yihI	189.000000
glnL	24.000000
typA	959.000000
yihM	7.000000
yihN	4.000000
yihO	2.000000
yihP	1.000000
yihQ	1.000000
yihR	1.000000
yihS	2.000000
yihT	1.000000
yihV	1.000000
yihX	55.000000
yihY	29.000000
dtd	66.000000
yiiD	48.000000
yiiF	6.000000
fdhE	121.000000
fdhD	44.000000
yiiG	2.000000
frvX	3.000000
frvB	1.000000
frvA	1.000000
rhaM	1.000000
yiiM	33.000000
cpxA	76.000000
yiiQ	20.000000
yiiR	29.000000
yiiS	47.000000
uspD	37.000000
zapB	711.000000
rraA	305.000000
hslU	396.000000
hslV	346.000000
ftsN	133.000000
priA	26.000000
rpmE	5064.000000
yiiX	27.000000
yijE	11.000000
yijF	2.000000
ptsA	1.000000
frwC	1.000000
frwB	2.000000
frwD	2.000000
yijP	109.000000
yijD	125.000000
trmA	144.000000
secE	1252.000000
nusG	1280.000000
rplK	8545.000000
rplA	8182.000000
rplJ	14153.000000
rplL	12304.000000
rpoB	1502.000000
rpoC	1662.000000
yjaZ	12.000000
rsd	58.000000
nfi	62.000000
yjaG	103.000000
yjaH	151.000000
zraS	6.000000
yjaA	17.000000
yjaB	12.000000
aceK	16.000000
yjbB	18.000000
pepE	9.000000
rluF	41.000000
pagB	17.000000
yjbE	6.000000
yjbH	2.000000
psiE	3.000000
malM	4.000000
dinF	34.000000
yjbJ	56.000000
yjbM	1.000000
dusA	70.000000
pspG	17.000000
qor	14.000000
dnaB	147.000000
yjbQ	33.000000
yjbR	33.000000
uvrA	43.000000
ssb	398.000000
yjcB	30.000000
yjcC	2.000000
yjcD	158.000000
yjcE	34.000000
yjcH	2.000000
nrfE	2.000000
nrfF	2.000000
nrfG	2.000000
yjcO	14.000000
sdsP	1.000000
yjcS	1.000000
phnP	7.000000
phnO	11.000000
phnM	1.000000
phnI	1.000000
phnD	1.000000
yjdN	2.000000
yjdM	75.000000
yjdA	4.000000
yjcZ	1.000000
basS	31.000000
eptA	32.000000
yjdF	11.000000
dcuS	30.000000
yjdI	4.000000
yjdJ	8.000000
yjdK	1.000000
cutA	35.000000
fxsA	58.000000
yjeH	9.000000
groS	1932.000000
groL	2305.000000
yjeI	141.000000
yjeJ	7.000000
epmB	64.000000
efp	1506.000000
sugE	80.000000
blc	2.000000
ampC	23.000000
epmA	56.000000
yjeM	12.000000
yjeN	5.000000
yjeO	8.000000
yjeP	30.000000
orn	97.000000
queG	25.000000
yjeF	28.000000
tsaE	60.000000
mutL	73.000000
miaA	430.000000
hfq	1057.000000
hflX	270.000000
hflK	356.000000
hflC	370.000000
yjeT	27.000000
rnr	82.000000
rlmB	101.000000
yjfI	1.000000
yjfK	2.000000
yjfM	1.000000
yjfC	1.000000
yjfN	7.000000
bsmA	9.000000
yjfP	5.000000
yjfY	1.000000
rpsF	7114.000000
priB	5886.000000
rpsR	5058.000000
rplI	6295.000000
yjfZ	5.000000
ytfB	63.000000
fklB	233.000000
ytfF	10.000000
ytfG	5.000000
ytfI	1.000000
ytfJ	15.000000
ytfK	191.000000
ytfL	32.000000
tamA	33.000000
tamB	41.000000
ytfP	223.000000
chpS	23.000000
chpB	30.000000
yjgA	234.000000
pmbA	103.000000
ridA	421.000000
pyrL	562.000000
yjgH	4.000000
bdcA	6.000000
tabA	35.000000
yjgL	2.000000
rraB	319.000000
yjgM	34.000000
yjgN	2.000000
holC	188.000000
yjgR	9.000000
yjgB	4.000000
yjgZ	1.000000
insG	15.000000
yjhB	2.000000
yjhC	8.000000
yjhF	2.000000
yjhG	4.000000
yjhH	2.000000
sgcA	6.000000
sgcQ	3.000000
sgcC	1.000000
sgcX	1.000000
yjhP	3.000000
yjhQ	4.000000
nanS	2.000000
nanM	3.000000
fimB	21.000000
fimE	5.000000
fimA	344.000000
fimI	22.000000
fimC	11.000000
fimD	6.000000
fimF	6.000000
fimG	5.000000
fimH	6.000000
yjiC	1.000000
iraD	2.000000
iadA	71.000000
yjiG	20.000000
yjiH	1.000000
kptA	4.000000
yjiJ	2.000000
yjiK	5.000000
yjiL	1.000000
yjiM	2.000000
yjiN	5.000000
mdtM	5.000000
mcrC	7.000000
mcrB	20.000000
symE	7.000000
hsdS	45.000000
hsdM	95.000000
hsdR	41.000000
mrr	39.000000
yjiA	58.000000
yjiX	85.000000
yjiY	571.000000
tsr	5.000000
mdoB	65.000000
yjjA	74.000000
dnaC	51.000000
dnaT	45.000000
yjjB	3.000000
yjjP	4.000000
rsmC	101.000000
holD	167.000000
rimI	95.000000
prfC	352.000000
osmY	21.000000
yjjU	19.000000
yjjV	21.000000
yjjW	2.000000
yjjI	2.000000
ytjB	31.000000
radA	71.000000
yjjK	357.000000
creA	70.000000
creC	13.000000
creD	3.000000
yjjY	7.000000
yjtD	25.000000
yfjD	41.000000
ygcU	1.000000
ygfQ	4.000000
yggP	1.000000
yhaM	93.000000
yhdP	22.000000
rtcA	9.000000
yigE	3.000000
